seat_config,class_size,ρ,λ₀,δλ,m,ttl
traditional,32,0.1,0.5,0.0,0.7426 ± 0.0099,120.8 ± 3.9
traditional,32,0.1,0.5,0.1,0.7142 ± 0.0095,132.6 ± 3.0
traditional,32,0.1,0.5,0.2,0.6204 ± 0.009,168.7 ± 4.3
traditional,32,0.1,0.5,0.3,0.5217 ± 0.0081,222.7 ± 6.4
traditional,32,0.1,0.5,0.4,0.385 ± 0.0064,377.0 ± 13.0
traditional,32,0.1,0.5,0.45,0.2577 ± 0.0024,1115.0 ± 40.0
traditional,32,0.1,0.5,0.49,0.1764 ± 0.0022,3572.0 ± 74.0
traditional,32,0.2,0.5,0.0,0.776 ± 0.01,67.1 ± 1.8
traditional,32,0.2,0.5,0.1,0.719 ± 0.015,76.7 ± 2.6
traditional,32,0.2,0.5,0.2,0.6189 ± 0.0099,96.8 ± 2.4
traditional,32,0.2,0.5,0.3,0.5002 ± 0.0092,136.8 ± 5.0
traditional,32,0.2,0.5,0.4,0.3684 ± 0.0038,227.0 ± 6.2
traditional,32,0.2,0.5,0.45,0.2526 ± 0.0024,652.0 ± 23.0
traditional,32,0.2,0.5,0.49,0.1864 ± 0.0023,2319.0 ± 55.0
traditional,32,0.3,0.5,0.0,0.821 ± 0.014,46.8 ± 1.2
traditional,32,0.3,0.5,0.1,0.754 ± 0.014,52.2 ± 1.5
traditional,32,0.3,0.5,0.2,0.615 ± 0.011,72.2 ± 2.0
traditional,32,0.3,0.5,0.3,0.4965 ± 0.0093,100.2 ± 2.9
traditional,32,0.3,0.5,0.4,0.3611 ± 0.0045,169.0 ± 4.0
traditional,32,0.3,0.5,0.45,0.253 ± 0.0029,448.0 ± 17.0
traditional,32,0.3,0.5,0.49,0.1901 ± 0.0019,1621.0 ± 45.0
traditional,32,0.4,0.5,0.0,0.867 ± 0.018,35.45 ± 0.94
traditional,32,0.4,0.5,0.1,0.799 ± 0.013,39.3 ± 1.1
traditional,32,0.4,0.5,0.2,0.656 ± 0.012,52.3 ± 1.6
traditional,32,0.4,0.5,0.3,0.504 ± 0.0063,75.1 ± 1.7
traditional,32,0.4,0.5,0.4,0.3586 ± 0.0044,136.1 ± 3.7
traditional,32,0.4,0.5,0.45,0.2619 ± 0.0028,323.0 ± 13.0
traditional,32,0.4,0.5,0.49,0.1913 ± 0.0024,1411.0 ± 32.0
traditional,32,0.5,0.5,0.0,0.938 ± 0.021,27.5 ± 1.2
traditional,32,0.5,0.5,0.1,0.848 ± 0.019,32.45 ± 0.98
traditional,32,0.5,0.5,0.2,0.712 ± 0.021,40.6 ± 1.8
traditional,32,0.5,0.5,0.3,0.526 ± 0.011,60.4 ± 2.3
traditional,32,0.5,0.5,0.4,0.3641 ± 0.0037,116.5 ± 2.8
traditional,32,0.5,0.5,0.45,0.2609 ± 0.0023,267.6 ± 8.2
traditional,32,0.5,0.5,0.49,0.1922 ± 0.0024,1149.0 ± 29.0
traditional,32,0.6,0.5,0.0,1.059 ± 0.029,22.05 ± 0.84
traditional,32,0.6,0.5,0.1,0.956 ± 0.015,24.75 ± 0.46
traditional,32,0.6,0.5,0.2,0.684 ± 0.02,38.0 ± 1.7
traditional,32,0.6,0.5,0.3,0.5304 ± 0.0082,52.4 ± 1.3
traditional,32,0.6,0.5,0.4,0.3688 ± 0.0058,96.3 ± 3.2
traditional,32,0.6,0.5,0.45,0.2649 ± 0.0026,228.8 ± 8.8
traditional,32,0.6,0.5,0.49,0.1924 ± 0.0029,956.0 ± 28.0
traditional,32,0.7,0.5,0.0,1.079 ± 0.025,19.85 ± 0.54
traditional,32,0.7,0.5,0.1,0.978 ± 0.037,22.4 ± 1.1
traditional,32,0.7,0.5,0.2,0.749 ± 0.02,30.4 ± 1.1
traditional,32,0.7,0.5,0.3,0.561 ± 0.011,43.1 ± 1.4
traditional,32,0.7,0.5,0.4,0.3784 ± 0.0044,82.4 ± 1.9
traditional,32,0.7,0.5,0.45,0.2665 ± 0.0031,192.6 ± 9.1
traditional,32,0.7,0.5,0.49,0.1929 ± 0.0023,858.0 ± 38.0
traditional,32,0.8,0.5,0.0,1.213 ± 0.031,16.15 ± 0.45
traditional,32,0.8,0.5,0.1,1.013 ± 0.03,20.0 ± 0.71
traditional,32,0.8,0.5,0.2,0.795 ± 0.025,26.0 ± 1.1
traditional,32,0.8,0.5,0.3,0.572 ± 0.013,39.0 ± 1.1
traditional,32,0.8,0.5,0.4,0.3879 ± 0.0043,70.4 ± 1.4
traditional,32,0.8,0.5,0.45,0.268 ± 0.0029,168.7 ± 7.5
traditional,32,0.8,0.5,0.49,0.1943 ± 0.0019,767.0 ± 30.0
traditional,32,0.9,0.5,0.0,1.375 ± 0.058,13.75 ± 0.39
traditional,32,0.9,0.5,0.1,1.068 ± 0.036,17.35 ± 0.67
traditional,32,0.9,0.5,0.2,0.829 ± 0.035,23.7 ± 1.3
traditional,32,0.9,0.5,0.3,0.568 ± 0.015,36.2 ± 1.4
traditional,32,0.9,0.5,0.4,0.3809 ± 0.0063,66.4 ± 2.0
traditional,32,0.9,0.5,0.45,0.272 ± 0.0035,153.1 ± 6.1
traditional,32,0.9,0.5,0.49,0.1962 ± 0.0029,675.0 ± 22.0
traditional,32,1.0,0.5,0.0,1.523 ± 0.06,12.3 ± 0.61
traditional,32,1.0,0.5,0.1,1.197 ± 0.042,14.9 ± 0.52
traditional,32,1.0,0.5,0.2,0.866 ± 0.032,21.15 ± 0.83
traditional,32,1.0,0.5,0.3,0.583 ± 0.016,32.9 ± 1.2
traditional,32,1.0,0.5,0.4,0.3817 ± 0.0074,64.0 ± 2.3
traditional,32,1.0,0.5,0.45,0.275 ± 0.0035,139.4 ± 4.6
traditional,32,1.0,0.5,0.49,0.2029 ± 0.003,667.0 ± 23.0
traditional,48,0.1,0.5,0.0,0.7017 ± 0.0093,138.8 ± 3.3
traditional,48,0.1,0.5,0.1,0.6529 ± 0.0067,158.5 ± 3.1
traditional,48,0.1,0.5,0.2,0.5763 ± 0.0077,197.6 ± 3.4
traditional,48,0.1,0.5,0.3,0.4765 ± 0.0059,274.5 ± 7.4
traditional,48,0.1,0.5,0.4,0.3543 ± 0.004,459.0 ± 9.6
traditional,48,0.1,0.5,0.45,0.2423 ± 0.0022,1518.0 ± 50.0
traditional,48,0.1,0.5,0.49,0.1906 ± 0.0015,5659.0 ± 88.0
traditional,48,0.2,0.5,0.0,0.736 ± 0.011,73.4 ± 1.9
traditional,48,0.2,0.5,0.1,0.667 ± 0.01,87.8 ± 2.4
traditional,48,0.2,0.5,0.2,0.574 ± 0.011,110.8 ± 3.6
traditional,48,0.2,0.5,0.3,0.4613 ± 0.007,158.0 ± 4.6
traditional,48,0.2,0.5,0.4,0.3378 ± 0.0037,274.5 ± 6.8
traditional,48,0.2,0.5,0.45,0.2485 ± 0.0026,754.0 ± 37.0
traditional,48,0.2,0.5,0.49,0.1939 ± 0.0017,3253.0 ± 78.0
traditional,48,0.3,0.5,0.0,0.79 ± 0.015,49.6 ± 1.5
traditional,48,0.3,0.5,0.1,0.699 ± 0.011,59.6 ± 1.7
traditional,48,0.3,0.5,0.2,0.6023 ± 0.0094,73.6 ± 2.0
traditional,48,0.3,0.5,0.3,0.4752 ± 0.0066,107.4 ± 2.6
traditional,48,0.3,0.5,0.4,0.3381 ± 0.0027,199.6 ± 4.3
traditional,48,0.3,0.5,0.45,0.2466 ± 0.0023,511.0 ± 20.0
traditional,48,0.3,0.5,0.49,0.1969 ± 0.0015,2208.0 ± 39.0
traditional,48,0.4,0.5,0.0,0.815 ± 0.02,39.2 ± 1.3
traditional,48,0.4,0.5,0.1,0.728 ± 0.015,45.4 ± 1.6
traditional,48,0.4,0.5,0.2,0.6135 ± 0.0078,57.4 ± 1.1
traditional,48,0.4,0.5,0.3,0.466 ± 0.008,89.2 ± 2.7
traditional,48,0.4,0.5,0.4,0.3366 ± 0.0029,161.8 ± 3.1
traditional,48,0.4,0.5,0.45,0.2493 ± 0.0024,383.0 ± 13.0
traditional,48,0.4,0.5,0.49,0.1974 ± 0.001,1868.0 ± 60.0
traditional,48,0.5,0.5,0.0,0.878 ± 0.015,30.15 ± 0.74
traditional,48,0.5,0.5,0.1,0.775 ± 0.017,35.8 ± 1.0
traditional,48,0.5,0.5,0.2,0.616 ± 0.015,49.0 ± 1.7
traditional,48,0.5,0.5,0.3,0.4712 ± 0.008,72.9 ± 2.0
traditional,48,0.5,0.5,0.4,0.3455 ± 0.0038,125.2 ± 3.7
traditional,48,0.5,0.5,0.45,0.2519 ± 0.0025,313.0 ± 12.0
traditional,48,0.5,0.5,0.49,0.197 ± 0.0015,1416.0 ± 48.0
traditional,48,0.6,0.5,0.0,0.95 ± 0.02,24.85 ± 0.72
traditional,48,0.6,0.5,0.1,0.855 ± 0.021,28.6 ± 0.99
traditional,48,0.6,0.5,0.2,0.642 ± 0.014,41.2 ± 1.5
traditional,48,0.6,0.5,0.3,0.5029 ± 0.0092,56.6 ± 1.3
traditional,48,0.6,0.5,0.4,0.3458 ± 0.0033,111.6 ± 2.4
traditional,48,0.6,0.5,0.45,0.26 ± 0.0024,249.5 ± 8.3
traditional,48,0.6,0.5,0.49,0.1983 ± 0.0014,1261.0 ± 36.0
traditional,48,0.7,0.5,0.0,1.042 ± 0.025,20.9 ± 0.8
traditional,48,0.7,0.5,0.1,0.925 ± 0.033,23.75 ± 0.81
traditional,48,0.7,0.5,0.2,0.724 ± 0.015,32.25 ± 0.85
traditional,48,0.7,0.5,0.3,0.505 ± 0.011,51.3 ± 1.8
traditional,48,0.7,0.5,0.4,0.3516 ± 0.0051,95.7 ± 3.2
traditional,48,0.7,0.5,0.45,0.2622 ± 0.0023,212.5 ± 6.4
traditional,48,0.7,0.5,0.49,0.1982 ± 0.001,999.0 ± 36.0
traditional,48,0.8,0.5,0.0,1.111 ± 0.032,17.6 ± 0.53
traditional,48,0.8,0.5,0.1,0.974 ± 0.032,21.35 ± 0.8
traditional,48,0.8,0.5,0.2,0.731 ± 0.012,28.6 ± 0.65
traditional,48,0.8,0.5,0.3,0.514 ± 0.011,45.4 ± 1.5
traditional,48,0.8,0.5,0.4,0.3607 ± 0.0043,83.2 ± 2.6
traditional,48,0.8,0.5,0.45,0.2652 ± 0.0022,185.2 ± 6.2
traditional,48,0.8,0.5,0.49,0.1985 ± 0.0016,956.0 ± 32.0
traditional,48,0.9,0.5,0.0,1.221 ± 0.02,14.9 ± 0.34
traditional,48,0.9,0.5,0.1,1.003 ± 0.028,19.0 ± 0.4
traditional,48,0.9,0.5,0.2,0.748 ± 0.014,25.8 ± 0.59
traditional,48,0.9,0.5,0.3,0.543 ± 0.011,39.0 ± 1.0
traditional,48,0.9,0.5,0.4,0.3633 ± 0.0039,74.8 ± 1.8
traditional,48,0.9,0.5,0.45,0.2698 ± 0.0027,159.9 ± 5.3
traditional,48,0.9,0.5,0.49,0.1966 ± 0.0014,869.0 ± 29.0
traditional,48,1.0,0.5,0.0,1.245 ± 0.047,14.15 ± 0.4
traditional,48,1.0,0.5,0.1,1.061 ± 0.032,16.9 ± 0.56
traditional,48,1.0,0.5,0.2,0.805 ± 0.023,22.8 ± 0.77
traditional,48,1.0,0.5,0.3,0.567 ± 0.014,34.2 ± 1.1
traditional,48,1.0,0.5,0.4,0.3652 ± 0.005,68.8 ± 2.1
traditional,48,1.0,0.5,0.45,0.2704 ± 0.0026,149.4 ± 5.3
traditional,48,1.0,0.5,0.49,0.2007 ± 0.0014,702.0 ± 22.0
traditional,64,0.1,0.5,0.0,0.6658 ± 0.0074,153.6 ± 3.4
traditional,64,0.1,0.5,0.1,0.6343 ± 0.0078,168.2 ± 3.6
traditional,64,0.1,0.5,0.2,0.5569 ± 0.0072,213.2 ± 5.3
traditional,64,0.1,0.5,0.3,0.4598 ± 0.0053,292.8 ± 5.8
traditional,64,0.1,0.5,0.4,0.3435 ± 0.0025,502.0 ± 10.0
traditional,64,0.1,0.5,0.45,0.2383 ± 0.0019,1678.0 ± 54.0
traditional,64,0.1,0.5,0.49,0.1936 ± 0.0015,6590.0 ± 140.0
traditional,64,0.2,0.5,0.0,0.691 ± 0.01,83.2 ± 2.1
traditional,64,0.2,0.5,0.1,0.626 ± 0.01,98.0 ± 2.5
traditional,64,0.2,0.5,0.2,0.5325 ± 0.0064,124.4 ± 2.5
traditional,64,0.2,0.5,0.3,0.4489 ± 0.0055,168.4 ± 3.6
traditional,64,0.2,0.5,0.4,0.3328 ± 0.0026,289.2 ± 5.6
traditional,64,0.2,0.5,0.45,0.2411 ± 0.0021,827.0 ± 29.0
traditional,64,0.2,0.5,0.49,0.195 ± 0.0011,3857.0 ± 87.0
traditional,64,0.3,0.5,0.0,0.742 ± 0.01,54.4 ± 1.3
traditional,64,0.3,0.5,0.1,0.685 ± 0.012,61.4 ± 1.6
traditional,64,0.3,0.5,0.2,0.5682 ± 0.0066,81.8 ± 1.6
traditional,64,0.3,0.5,0.3,0.4519 ± 0.0065,116.8 ± 2.6
traditional,64,0.3,0.5,0.4,0.3298 ± 0.0023,212.6 ± 4.3
traditional,64,0.3,0.5,0.45,0.2382 ± 0.0025,606.0 ± 21.0
traditional,64,0.3,0.5,0.49,0.19486 ± 0.00099,2553.0 ± 69.0
traditional,64,0.4,0.5,0.0,0.8113 ± 0.0098,39.2 ± 0.7
traditional,64,0.4,0.5,0.1,0.698 ± 0.013,48.8 ± 1.5
traditional,64,0.4,0.5,0.2,0.566 ± 0.012,66.4 ± 2.0
traditional,64,0.4,0.5,0.3,0.4413 ± 0.0053,97.4 ± 2.0
traditional,64,0.4,0.5,0.4,0.3328 ± 0.0028,166.7 ± 3.0
traditional,64,0.4,0.5,0.45,0.246 ± 0.0027,421.0 ± 16.0
traditional,64,0.4,0.5,0.49,0.1973 ± 0.0013,1992.0 ± 51.0
traditional,64,0.5,0.5,0.0,0.844 ± 0.017,32.8 ± 1.1
traditional,64,0.5,0.5,0.1,0.768 ± 0.017,36.9 ± 1.3
traditional,64,0.5,0.5,0.2,0.577 ± 0.012,53.8 ± 1.6
traditional,64,0.5,0.5,0.3,0.4606 ± 0.0085,75.6 ± 2.3
traditional,64,0.5,0.5,0.4,0.332 ± 0.0026,138.6 ± 2.6
traditional,64,0.5,0.5,0.45,0.2489 ± 0.0034,334.0 ± 20.0
traditional,64,0.5,0.5,0.49,0.1951 ± 0.0011,1692.0 ± 60.0
traditional,64,0.6,0.5,0.0,0.951 ± 0.02,25.2 ± 0.63
traditional,64,0.6,0.5,0.1,0.78 ± 0.02,32.0 ± 1.2
traditional,64,0.6,0.5,0.2,0.633 ± 0.018,42.4 ± 1.8
traditional,64,0.6,0.5,0.3,0.472 ± 0.0084,63.4 ± 1.8
traditional,64,0.6,0.5,0.4,0.3347 ± 0.0032,121.1 ± 2.5
traditional,64,0.6,0.5,0.45,0.2527 ± 0.0023,267.4 ± 7.3
traditional,64,0.6,0.5,0.49,0.1968 ± 0.0014,1399.0 ± 51.0
traditional,64,0.7,0.5,0.0,1.007 ± 0.023,21.5 ± 0.65
traditional,64,0.7,0.5,0.1,0.823 ± 0.018,27.3 ± 0.94
traditional,64,0.7,0.5,0.2,0.661 ± 0.015,36.0 ± 1.3
traditional,64,0.7,0.5,0.3,0.4788 ± 0.0094,56.2 ± 1.8
traditional,64,0.7,0.5,0.4,0.3462 ± 0.0029,100.3 ± 2.1
traditional,64,0.7,0.5,0.45,0.2565 ± 0.0023,233.0 ± 6.6
traditional,64,0.7,0.5,0.49,0.1987 ± 0.001,1196.0 ± 34.0
traditional,64,0.8,0.5,0.0,1.077 ± 0.03,18.4 ± 0.52
traditional,64,0.8,0.5,0.1,0.926 ± 0.023,21.95 ± 0.63
traditional,64,0.8,0.5,0.2,0.687 ± 0.019,30.9 ± 1.1
traditional,64,0.8,0.5,0.3,0.5084 ± 0.0057,45.6 ± 0.71
traditional,64,0.8,0.5,0.4,0.3423 ± 0.0045,92.6 ± 2.6
traditional,64,0.8,0.5,0.45,0.2619 ± 0.0017,196.4 ± 3.7
traditional,64,0.8,0.5,0.49,0.1956 ± 0.0011,1043.0 ± 35.0
traditional,64,0.9,0.5,0.0,1.18 ± 0.03,15.65 ± 0.46
traditional,64,0.9,0.5,0.1,0.908 ± 0.024,21.3 ± 0.72
traditional,64,0.9,0.5,0.2,0.736 ± 0.014,26.55 ± 0.61
traditional,64,0.9,0.5,0.3,0.506 ± 0.012,43.2 ± 1.6
traditional,64,0.9,0.5,0.4,0.3442 ± 0.0042,84.4 ± 2.3
traditional,64,0.9,0.5,0.45,0.2604 ± 0.0022,184.1 ± 5.8
traditional,64,0.9,0.5,0.49,0.1982 ± 0.0013,879.0 ± 30.0
traditional,64,1.0,0.5,0.0,1.28 ± 0.057,15.05 ± 0.59
traditional,64,1.0,0.5,0.1,1.048 ± 0.03,17.45 ± 0.49
traditional,64,1.0,0.5,0.2,0.76 ± 0.017,24.2 ± 0.68
traditional,64,1.0,0.5,0.3,0.537 ± 0.012,37.2 ± 1.2
traditional,64,1.0,0.5,0.4,0.3474 ± 0.004,77.2 ± 1.8
traditional,64,1.0,0.5,0.45,0.2612 ± 0.0028,169.4 ± 6.9
traditional,64,1.0,0.5,0.49,0.2011 ± 0.0011,792.0 ± 23.0
traditional,96,0.1,0.5,0.0,0.6332 ± 0.0074,173.0 ± 3.7
traditional,96,0.1,0.5,0.1,0.5967 ± 0.0064,190.4 ± 3.6
traditional,96,0.1,0.5,0.2,0.5128 ± 0.0043,247.2 ± 3.8
traditional,96,0.1,0.5,0.3,0.428 ± 0.0043,336.6 ± 6.3
traditional,96,0.1,0.5,0.4,0.325 ± 0.0018,587.8 ± 8.4
traditional,96,0.1,0.5,0.45,0.2372 ± 0.0013,1709.0 ± 38.0
traditional,96,0.1,0.5,0.49,0.19457 ± 0.00068,8250.0 ± 220.0
traditional,96,0.2,0.5,0.0,0.6569 ± 0.0079,89.8 ± 2.0
traditional,96,0.2,0.5,0.1,0.6075 ± 0.0098,103.2 ± 2.9
traditional,96,0.2,0.5,0.2,0.5208 ± 0.0068,132.0 ± 3.1
traditional,96,0.2,0.5,0.3,0.4141 ± 0.0045,193.0 ± 3.9
traditional,96,0.2,0.5,0.4,0.3163 ± 0.0022,336.8 ± 6.1
traditional,96,0.2,0.5,0.45,0.2355 ± 0.0026,911.0 ± 40.0
traditional,96,0.2,0.5,0.49,0.1945 ± 0.00095,4178.0 ± 93.0
traditional,96,0.3,0.5,0.0,0.7111 ± 0.0085,58.4 ± 1.1
traditional,96,0.3,0.5,0.1,0.647 ± 0.011,67.6 ± 1.8
traditional,96,0.3,0.5,0.2,0.527 ± 0.011,92.0 ± 2.9
traditional,96,0.3,0.5,0.3,0.4174 ± 0.0069,135.2 ± 3.8
traditional,96,0.3,0.5,0.4,0.3129 ± 0.0026,245.7 ± 4.7
traditional,96,0.3,0.5,0.45,0.2399 ± 0.0019,588.0 ± 17.0
traditional,96,0.3,0.5,0.49,0.19209 ± 0.00091,3140.0 ± 110.0
traditional,96,0.4,0.5,0.0,0.745 ± 0.018,45.2 ± 1.6
traditional,96,0.4,0.5,0.1,0.6789 ± 0.0097,50.4 ± 1.0
traditional,96,0.4,0.5,0.2,0.5411 ± 0.0087,70.6 ± 1.8
traditional,96,0.4,0.5,0.3,0.4258 ± 0.0059,102.6 ± 2.7
traditional,96,0.4,0.5,0.4,0.3143 ± 0.0026,194.1 ± 4.1
traditional,96,0.4,0.5,0.45,0.2451 ± 0.0016,425.7 ± 8.7
traditional,96,0.4,0.5,0.49,0.19562 ± 0.00074,2194.0 ± 69.0
traditional,96,0.5,0.5,0.0,0.784 ± 0.013,35.5 ± 0.92
traditional,96,0.5,0.5,0.1,0.686 ± 0.011,42.65 ± 0.97
traditional,96,0.5,0.5,0.2,0.5492 ± 0.0098,57.8 ± 1.6
traditional,96,0.5,0.5,0.3,0.4361 ± 0.0069,83.5 ± 2.2
traditional,96,0.5,0.5,0.4,0.3188 ± 0.0025,156.2 ± 3.1
traditional,96,0.5,0.5,0.45,0.246 ± 0.0017,347.2 ± 9.7
traditional,96,0.5,0.5,0.49,0.1942 ± 0.0012,1889.0 ± 79.0
traditional,96,0.6,0.5,0.0,0.884 ± 0.013,27.25 ± 0.55
traditional,96,0.6,0.5,0.1,0.747 ± 0.015,34.15 ± 0.98
traditional,96,0.6,0.5,0.2,0.58 ± 0.014,47.2 ± 1.5
traditional,96,0.6,0.5,0.3,0.4478 ± 0.0052,69.0 ± 1.3
traditional,96,0.6,0.5,0.4,0.3174 ± 0.0025,137.8 ± 2.5
traditional,96,0.6,0.5,0.45,0.2467 ± 0.0017,296.0 ± 8.2
traditional,96,0.6,0.5,0.49,0.19659 ± 0.00076,1431.0 ± 37.0
traditional,96,0.7,0.5,0.0,0.95 ± 0.015,22.7 ± 0.42
traditional,96,0.7,0.5,0.1,0.766 ± 0.011,29.75 ± 0.56
traditional,96,0.7,0.5,0.2,0.6 ± 0.014,40.5 ± 1.3
traditional,96,0.7,0.5,0.3,0.4608 ± 0.0085,59.3 ± 1.8
traditional,96,0.7,0.5,0.4,0.3252 ± 0.0024,113.0 ± 1.9
traditional,96,0.7,0.5,0.45,0.2476 ± 0.0026,264.0 ± 10.0
traditional,96,0.7,0.5,0.49,0.1956 ± 0.0016,1334.0 ± 56.0
traditional,96,0.8,0.5,0.0,1.025 ± 0.024,19.5 ± 0.49
traditional,96,0.8,0.5,0.1,0.822 ± 0.017,25.4 ± 0.69
traditional,96,0.8,0.5,0.2,0.649 ± 0.013,33.45 ± 0.88
traditional,96,0.8,0.5,0.3,0.4784 ± 0.0069,50.8 ± 1.0
traditional,96,0.8,0.5,0.4,0.3286 ± 0.0033,102.0 ± 2.2
traditional,96,0.8,0.5,0.45,0.2515 ± 0.0032,225.0 ± 9.3
traditional,96,0.8,0.5,0.49,0.19712 ± 0.00086,1119.0 ± 37.0
traditional,96,0.9,0.5,0.0,1.16 ± 0.028,16.45 ± 0.29
traditional,96,0.9,0.5,0.1,0.841 ± 0.022,23.05 ± 0.73
traditional,96,0.9,0.5,0.2,0.644 ± 0.02,31.8 ± 1.4
traditional,96,0.9,0.5,0.3,0.4885 ± 0.006,45.35 ± 0.83
traditional,96,0.9,0.5,0.4,0.3368 ± 0.0033,88.6 ± 1.9
traditional,96,0.9,0.5,0.45,0.2519 ± 0.0026,205.2 ± 7.4
traditional,96,0.9,0.5,0.49,0.1971 ± 0.0015,1037.0 ± 43.0
traditional,96,1.0,0.5,0.0,1.179 ± 0.02,14.35 ± 0.3
traditional,96,1.0,0.5,0.1,0.983 ± 0.033,18.6 ± 0.65
traditional,96,1.0,0.5,0.2,0.714 ± 0.016,26.0 ± 0.75
traditional,96,1.0,0.5,0.3,0.5003 ± 0.0099,40.7 ± 1.2
traditional,96,1.0,0.5,0.4,0.3325 ± 0.0044,85.0 ± 2.6
traditional,96,1.0,0.5,0.45,0.2589 ± 0.0024,173.4 ± 5.2
traditional,96,1.0,0.5,0.49,0.1983 ± 0.001,905.0 ± 32.0
traditional,128,0.1,0.5,0.0,0.6043 ± 0.0058,187.8 ± 3.5
traditional,128,0.1,0.5,0.1,0.5731 ± 0.0055,205.6 ± 3.4
traditional,128,0.1,0.5,0.2,0.4949 ± 0.005,265.4 ± 5.0
traditional,128,0.1,0.5,0.3,0.412 ± 0.0038,365.2 ± 6.4
traditional,128,0.1,0.5,0.4,0.3138 ± 0.0017,647.0 ± 10.0
traditional,128,0.1,0.5,0.45,0.2255 ± 0.0017,2047.0 ± 58.0
traditional,128,0.1,0.5,0.49,0.19141 ± 0.001,10040.0 ± 270.0
traditional,128,0.2,0.5,0.0,0.6361 ± 0.0093,95.7 ± 2.4
traditional,128,0.2,0.5,0.1,0.578 ± 0.0069,111.2 ± 2.3
traditional,128,0.2,0.5,0.2,0.5 ± 0.0047,140.2 ± 2.3
traditional,128,0.2,0.5,0.3,0.4024 ± 0.0042,204.7 ± 4.1
traditional,128,0.2,0.5,0.4,0.3074 ± 0.0016,369.1 ± 5.4
traditional,128,0.2,0.5,0.45,0.2327 ± 0.0022,958.0 ± 32.0
traditional,128,0.2,0.5,0.49,0.1914 ± 0.0011,4890.0 ± 180.0
traditional,128,0.3,0.5,0.0,0.687 ± 0.01,62.0 ± 1.3
traditional,128,0.3,0.5,0.1,0.599 ± 0.01,75.6 ± 2.1
traditional,128,0.3,0.5,0.2,0.5045 ± 0.0083,98.7 ± 2.8
traditional,128,0.3,0.5,0.3,0.4114 ± 0.0054,138.0 ± 3.7
traditional,128,0.3,0.5,0.4,0.3022 ± 0.0023,268.8 ± 4.7
traditional,128,0.3,0.5,0.45,0.2349 ± 0.0023,636.0 ± 22.0
traditional,128,0.3,0.5,0.49,0.19434 ± 0.00077,3073.0 ± 81.0
traditional,128,0.4,0.5,0.0,0.708 ± 0.012,47.8 ± 1.4
traditional,128,0.4,0.5,0.1,0.639 ± 0.012,55.7 ± 1.6
traditional,128,0.4,0.5,0.2,0.5054 ± 0.0082,78.2 ± 1.9
traditional,128,0.4,0.5,0.3,0.4119 ± 0.0053,109.2 ± 2.7
traditional,128,0.4,0.5,0.4,0.3054 ± 0.0015,207.8 ± 2.8
traditional,128,0.4,0.5,0.45,0.2388 ± 0.0016,470.0 ± 11.0
traditional,128,0.4,0.5,0.49,0.19453 ± 0.00077,2453.0 ± 72.0
traditional,128,0.5,0.5,0.0,0.783 ± 0.013,36.5 ± 0.77
traditional,128,0.5,0.5,0.1,0.681 ± 0.014,43.4 ± 1.3
traditional,128,0.5,0.5,0.2,0.5428 ± 0.0092,59.4 ± 1.4
traditional,128,0.5,0.5,0.3,0.4269 ± 0.0055,86.0 ± 1.7
traditional,128,0.5,0.5,0.4,0.3094 ± 0.0029,167.6 ± 3.9
traditional,128,0.5,0.5,0.45,0.238 ± 0.0029,397.0 ± 16.0
traditional,128,0.5,0.5,0.49,0.19549 ± 0.00096,1903.0 ± 48.0
traditional,128,0.6,0.5,0.0,0.839 ± 0.017,29.45 ± 0.72
traditional,128,0.6,0.5,0.1,0.698 ± 0.014,37.2 ± 0.94
traditional,128,0.6,0.5,0.2,0.569 ± 0.013,49.0 ± 1.5
traditional,128,0.6,0.5,0.3,0.427 ± 0.0053,74.7 ± 1.6
traditional,128,0.6,0.5,0.4,0.3104 ± 0.0029,143.4 ± 3.6
traditional,128,0.6,0.5,0.45,0.243 ± 0.0024,315.0 ± 11.0
traditional,128,0.6,0.5,0.49,0.19609 ± 0.00068,1560.0 ± 42.0
traditional,128,0.7,0.5,0.0,0.868 ± 0.02,26.1 ± 0.68
traditional,128,0.7,0.5,0.1,0.743 ± 0.016,30.85 ± 0.91
traditional,128,0.7,0.5,0.2,0.617 ± 0.01,39.0 ± 0.78
traditional,128,0.7,0.5,0.3,0.4358 ± 0.0055,63.8 ± 1.2
traditional,128,0.7,0.5,0.4,0.3148 ± 0.0033,124.4 ± 2.9
traditional,128,0.7,0.5,0.45,0.2488 ± 0.0017,258.7 ± 6.3
traditional,128,0.7,0.5,0.49,0.1971 ± 0.001,1324.0 ± 55.0
traditional,128,0.8,0.5,0.0,0.956 ± 0.023,21.6 ± 0.57
traditional,128,0.8,0.5,0.1,0.786 ± 0.019,27.05 ± 0.78
traditional,128,0.8,0.5,0.2,0.597 ± 0.012,37.2 ± 1.1
traditional,128,0.8,0.5,0.3,0.4499 ± 0.0083,55.7 ± 1.8
traditional,128,0.8,0.5,0.4,0.3229 ± 0.0028,106.0 ± 1.9
traditional,128,0.8,0.5,0.45,0.2491 ± 0.0023,229.8 ± 7.2
traditional,128,0.8,0.5,0.49,0.19519 ± 0.00078,1220.0 ± 34.0
traditional,128,0.9,0.5,0.0,1.005 ± 0.024,18.45 ± 0.39
traditional,128,0.9,0.5,0.1,0.824 ± 0.022,23.85 ± 0.59
traditional,128,0.9,0.5,0.2,0.635 ± 0.015,32.15 ± 0.92
traditional,128,0.9,0.5,0.3,0.4572 ± 0.0076,50.1 ± 1.3
traditional,128,0.9,0.5,0.4,0.3224 ± 0.003,97.6 ± 2.0
traditional,128,0.9,0.5,0.45,0.2466 ± 0.0033,219.7 ± 9.5
traditional,128,0.9,0.5,0.49,0.1962 ± 0.0011,1099.0 ± 38.0
traditional,128,1.0,0.5,0.0,1.108 ± 0.031,16.15 ± 0.47
traditional,128,1.0,0.5,0.1,0.886 ± 0.02,20.7 ± 0.6
traditional,128,1.0,0.5,0.2,0.6688 ± 0.0092,27.55 ± 0.57
traditional,128,1.0,0.5,0.3,0.4733 ± 0.0081,44.0 ± 1.2
traditional,128,1.0,0.5,0.4,0.3171 ± 0.003,93.6 ± 1.8
traditional,128,1.0,0.5,0.45,0.2537 ± 0.0018,183.8 ± 3.9
traditional,128,1.0,0.5,0.49,0.1988 ± 0.00075,889.0 ± 21.0
inner_corner,32,0.1,0.5,0.0,2.194 ± 0.051,70.4 ± 1.7
inner_corner,32,0.1,0.5,0.1,2.193 ± 0.042,70.4 ± 1.3
inner_corner,32,0.1,0.5,0.2,2.164 ± 0.042,79.3 ± 1.7
inner_corner,32,0.1,0.5,0.3,1.98 ± 0.04,87.4 ± 2.4
inner_corner,32,0.1,0.5,0.4,1.849 ± 0.06,113.5 ± 3.1
inner_corner,32,0.1,0.5,0.45,1.49 ± 0.09,176.0 ± 6.0
inner_corner,32,0.1,0.5,0.49,0.978 ± 0.098,437.0 ± 31.0
inner_corner,32,0.2,0.5,0.0,2.209 ± 0.027,37.95 ± 0.66
inner_corner,32,0.2,0.5,0.1,2.235 ± 0.029,40.25 ± 0.87
inner_corner,32,0.2,0.5,0.2,2.216 ± 0.043,40.65 ± 0.67
inner_corner,32,0.2,0.5,0.3,2.077 ± 0.048,47.4 ± 1.3
inner_corner,32,0.2,0.5,0.4,1.992 ± 0.062,63.4 ± 2.3
inner_corner,32,0.2,0.5,0.45,1.509 ± 0.085,98.4 ± 6.0
inner_corner,32,0.2,0.5,0.49,0.792 ± 0.08,250.0 ± 23.0
inner_corner,32,0.3,0.5,0.0,2.257 ± 0.029,28.5 ± 0.62
inner_corner,32,0.3,0.5,0.1,2.347 ± 0.04,28.6 ± 0.44
inner_corner,32,0.3,0.5,0.2,2.287 ± 0.041,29.5 ± 0.64
inner_corner,32,0.3,0.5,0.3,2.226 ± 0.066,32.1 ± 0.78
inner_corner,32,0.3,0.5,0.4,2.017 ± 0.066,42.8 ± 1.7
inner_corner,32,0.3,0.5,0.45,1.543 ± 0.071,67.4 ± 4.5
inner_corner,32,0.3,0.5,0.49,0.654 ± 0.051,178.0 ± 12.0
inner_corner,32,0.4,0.5,0.0,2.381 ± 0.029,23.1 ± 0.59
inner_corner,32,0.4,0.5,0.1,2.355 ± 0.036,22.7 ± 0.29
inner_corner,32,0.4,0.5,0.2,2.318 ± 0.039,23.6 ± 0.35
inner_corner,32,0.4,0.5,0.3,2.142 ± 0.034,26.5 ± 0.57
inner_corner,32,0.4,0.5,0.4,2.037 ± 0.065,35.4 ± 1.7
inner_corner,32,0.4,0.5,0.45,1.622 ± 0.082,48.6 ± 2.8
inner_corner,32,0.4,0.5,0.49,0.785 ± 0.074,145.0 ± 11.0
inner_corner,32,0.5,0.5,0.0,2.364 ± 0.025,20.15 ± 0.45
inner_corner,32,0.5,0.5,0.1,2.392 ± 0.024,20.0 ± 0.33
inner_corner,32,0.5,0.5,0.2,2.359 ± 0.036,20.7 ± 0.38
inner_corner,32,0.5,0.5,0.3,2.312 ± 0.033,22.55 ± 0.64
inner_corner,32,0.5,0.5,0.4,2.029 ± 0.07,29.6 ± 1.1
inner_corner,32,0.5,0.5,0.45,1.644 ± 0.077,41.0 ± 1.6
inner_corner,32,0.5,0.5,0.49,0.844 ± 0.097,157.0 ± 12.0
inner_corner,32,0.6,0.5,0.0,2.383 ± 0.023,17.4 ± 0.23
inner_corner,32,0.6,0.5,0.1,2.375 ± 0.025,16.9 ± 0.23
inner_corner,32,0.6,0.5,0.2,2.389 ± 0.04,18.35 ± 0.59
inner_corner,32,0.6,0.5,0.3,2.418 ± 0.054,19.25 ± 0.33
inner_corner,32,0.6,0.5,0.4,2.18 ± 0.077,25.3 ± 0.89
inner_corner,32,0.6,0.5,0.45,1.63 ± 0.12,37.9 ± 2.1
inner_corner,32,0.6,0.5,0.49,0.847 ± 0.074,106.0 ± 11.0
inner_corner,32,0.7,0.5,0.0,2.423 ± 0.017,15.55 ± 0.2
inner_corner,32,0.7,0.5,0.1,2.434 ± 0.027,15.55 ± 0.17
inner_corner,32,0.7,0.5,0.2,2.415 ± 0.02,16.3 ± 0.24
inner_corner,32,0.7,0.5,0.3,2.432 ± 0.035,17.65 ± 0.26
inner_corner,32,0.7,0.5,0.4,2.161 ± 0.039,21.45 ± 0.86
inner_corner,32,0.7,0.5,0.45,1.93 ± 0.1,30.6 ± 1.5
inner_corner,32,0.7,0.5,0.49,0.88 ± 0.12,97.2 ± 6.8
inner_corner,32,0.8,0.5,0.0,2.397 ± 0.023,14.35 ± 0.15
inner_corner,32,0.8,0.5,0.1,2.468 ± 0.024,14.8 ± 0.21
inner_corner,32,0.8,0.5,0.2,2.404 ± 0.018,14.95 ± 0.18
inner_corner,32,0.8,0.5,0.3,2.464 ± 0.049,16.4 ± 0.33
inner_corner,32,0.8,0.5,0.4,2.213 ± 0.073,20.9 ± 0.68
inner_corner,32,0.8,0.5,0.45,1.94 ± 0.16,31.6 ± 1.9
inner_corner,32,0.8,0.5,0.49,0.82 ± 0.1,86.0 ± 7.8
inner_corner,32,0.9,0.5,0.0,2.456 ± 0.02,13.3 ± 0.16
inner_corner,32,0.9,0.5,0.1,2.433 ± 0.014,13.55 ± 0.15
inner_corner,32,0.9,0.5,0.2,2.486 ± 0.022,14.05 ± 0.18
inner_corner,32,0.9,0.5,0.3,2.404 ± 0.042,15.8 ± 0.44
inner_corner,32,0.9,0.5,0.4,2.268 ± 0.065,18.8 ± 0.73
inner_corner,32,0.9,0.5,0.45,1.838 ± 0.096,26.0 ± 1.5
inner_corner,32,0.9,0.5,0.49,0.858 ± 0.068,75.1 ± 5.6
inner_corner,32,1.0,0.5,0.0,2.439 ± 0.019,12.75 ± 0.12
inner_corner,32,1.0,0.5,0.1,2.388 ± 0.02,12.85 ± 0.082
inner_corner,32,1.0,0.5,0.2,2.41 ± 0.022,13.3 ± 0.13
inner_corner,32,1.0,0.5,0.3,2.427 ± 0.029,14.2 ± 0.25
inner_corner,32,1.0,0.5,0.4,2.352 ± 0.043,17.65 ± 0.31
inner_corner,32,1.0,0.5,0.45,1.968 ± 0.072,24.8 ± 1.2
inner_corner,32,1.0,0.5,0.49,0.827 ± 0.076,80.4 ± 9.6
inner_corner,48,0.1,0.5,0.0,2.232 ± 0.037,94.9 ± 1.5
inner_corner,48,0.1,0.5,0.1,2.285 ± 0.047,97.4 ± 1.5
inner_corner,48,0.1,0.5,0.2,2.261 ± 0.063,101.4 ± 1.6
inner_corner,48,0.1,0.5,0.3,2.242 ± 0.031,113.3 ± 1.5
inner_corner,48,0.1,0.5,0.4,2.155 ± 0.056,143.9 ± 3.6
inner_corner,48,0.1,0.5,0.45,1.737 ± 0.091,204.0 ± 11.0
inner_corner,48,0.1,0.5,0.49,0.653 ± 0.037,748.0 ± 50.0
inner_corner,48,0.2,0.5,0.0,2.338 ± 0.032,50.45 ± 0.69
inner_corner,48,0.2,0.5,0.1,2.285 ± 0.029,55.2 ± 0.91
inner_corner,48,0.2,0.5,0.2,2.337 ± 0.034,54.8 ± 0.79
inner_corner,48,0.2,0.5,0.3,2.282 ± 0.036,62.0 ± 1.3
inner_corner,48,0.2,0.5,0.4,2.098 ± 0.055,82.9 ± 2.3
inner_corner,48,0.2,0.5,0.45,1.81 ± 0.1,120.8 ± 5.6
inner_corner,48,0.2,0.5,0.49,0.633 ± 0.038,389.0 ± 28.0
inner_corner,48,0.3,0.5,0.0,2.364 ± 0.024,39.0 ± 0.77
inner_corner,48,0.3,0.5,0.1,2.388 ± 0.028,37.2 ± 0.44
inner_corner,48,0.3,0.5,0.2,2.356 ± 0.023,39.65 ± 0.44
inner_corner,48,0.3,0.5,0.3,2.265 ± 0.026,43.45 ± 0.95
inner_corner,48,0.3,0.5,0.4,2.402 ± 0.089,55.0 ± 1.5
inner_corner,48,0.3,0.5,0.45,1.632 ± 0.073,89.8 ± 3.6
inner_corner,48,0.3,0.5,0.49,0.794 ± 0.086,284.0 ± 23.0
inner_corner,48,0.4,0.5,0.0,2.334 ± 0.019,30.75 ± 0.32
inner_corner,48,0.4,0.5,0.1,2.375 ± 0.019,31.3 ± 0.42
inner_corner,48,0.4,0.5,0.2,2.352 ± 0.03,32.7 ± 0.46
inner_corner,48,0.4,0.5,0.3,2.306 ± 0.038,35.55 ± 0.86
inner_corner,48,0.4,0.5,0.4,2.262 ± 0.079,44.8 ± 1.1
inner_corner,48,0.4,0.5,0.45,1.7 ± 0.088,66.8 ± 2.6
inner_corner,48,0.4,0.5,0.49,0.814 ± 0.06,179.0 ± 12.0
inner_corner,48,0.5,0.5,0.0,2.374 ± 0.021,26.5 ± 0.29
inner_corner,48,0.5,0.5,0.1,2.384 ± 0.017,26.8 ± 0.31
inner_corner,48,0.5,0.5,0.2,2.348 ± 0.024,27.85 ± 0.48
inner_corner,48,0.5,0.5,0.3,2.378 ± 0.04,29.45 ± 0.48
inner_corner,48,0.5,0.5,0.4,2.265 ± 0.042,38.8 ± 1.3
inner_corner,48,0.5,0.5,0.45,2.08 ± 0.1,49.8 ± 2.0
inner_corner,48,0.5,0.5,0.49,0.836 ± 0.048,144.3 ± 6.0
inner_corner,48,0.6,0.5,0.0,2.361 ± 0.016,23.55 ± 0.27
inner_corner,48,0.6,0.5,0.1,2.384 ± 0.023,23.65 ± 0.24
inner_corner,48,0.6,0.5,0.2,2.39 ± 0.026,25.0 ± 0.37
inner_corner,48,0.6,0.5,0.3,2.374 ± 0.035,26.75 ± 0.51
inner_corner,48,0.6,0.5,0.4,2.372 ± 0.044,32.75 ± 0.79
inner_corner,48,0.6,0.5,0.45,2.02 ± 0.074,43.6 ± 2.2
inner_corner,48,0.6,0.5,0.49,0.896 ± 0.086,132.1 ± 9.3
inner_corner,48,0.7,0.5,0.0,2.369 ± 0.012,21.65 ± 0.26
inner_corner,48,0.7,0.5,0.1,2.369 ± 0.019,21.65 ± 0.23
inner_corner,48,0.7,0.5,0.2,2.338 ± 0.019,22.2 ± 0.24
inner_corner,48,0.7,0.5,0.3,2.331 ± 0.025,23.95 ± 0.41
inner_corner,48,0.7,0.5,0.4,2.404 ± 0.059,29.2 ± 0.68
inner_corner,48,0.7,0.5,0.45,2.081 ± 0.079,36.5 ± 1.7
inner_corner,48,0.7,0.5,0.49,0.86 ± 0.15,139.4 ± 9.6
inner_corner,48,0.8,0.5,0.0,2.354 ± 0.018,20.15 ± 0.15
inner_corner,48,0.8,0.5,0.1,2.365 ± 0.016,20.0 ± 0.19
inner_corner,48,0.8,0.5,0.2,2.343 ± 0.018,21.0 ± 0.3
inner_corner,48,0.8,0.5,0.3,2.385 ± 0.023,22.3 ± 0.26
inner_corner,48,0.8,0.5,0.4,2.351 ± 0.035,25.25 ± 0.59
inner_corner,48,0.8,0.5,0.45,2.34 ± 0.14,34.6 ± 1.3
inner_corner,48,0.8,0.5,0.49,1.163 ± 0.075,81.4 ± 5.1
inner_corner,48,0.9,0.5,0.0,2.364 ± 0.015,18.95 ± 0.14
inner_corner,48,0.9,0.5,0.1,2.331 ± 0.018,18.7 ± 0.13
inner_corner,48,0.9,0.5,0.2,2.352 ± 0.023,19.7 ± 0.19
inner_corner,48,0.9,0.5,0.3,2.389 ± 0.03,20.7 ± 0.31
inner_corner,48,0.9,0.5,0.4,2.384 ± 0.044,23.5 ± 0.53
inner_corner,48,0.9,0.5,0.45,2.076 ± 0.055,31.8 ± 1.3
inner_corner,48,0.9,0.5,0.49,0.955 ± 0.085,88.4 ± 6.9
inner_corner,48,1.0,0.5,0.0,2.33 ± 0.012,18.05 ± 0.14
inner_corner,48,1.0,0.5,0.1,2.362 ± 0.012,17.8 ± 0.17
inner_corner,48,1.0,0.5,0.2,2.351 ± 0.022,18.25 ± 0.14
inner_corner,48,1.0,0.5,0.3,2.343 ± 0.019,19.5 ± 0.26
inner_corner,48,1.0,0.5,0.4,2.472 ± 0.048,23.2 ± 0.68
inner_corner,48,1.0,0.5,0.45,2.244 ± 0.053,28.8 ± 1.0
inner_corner,48,1.0,0.5,0.49,0.932 ± 0.069,85.4 ± 5.3
inner_corner,64,0.1,0.5,0.0,2.339 ± 0.027,116.6 ± 2.3
inner_corner,64,0.1,0.5,0.1,2.332 ± 0.022,121.4 ± 1.2
inner_corner,64,0.1,0.5,0.2,2.312 ± 0.032,127.6 ± 2.0
inner_corner,64,0.1,0.5,0.3,2.368 ± 0.038,142.8 ± 2.3
inner_corner,64,0.1,0.5,0.4,2.26 ± 0.04,170.2 ± 3.4
inner_corner,64,0.1,0.5,0.45,1.977 ± 0.091,264.0 ± 14.0
inner_corner,64,0.1,0.5,0.49,0.878 ± 0.084,767.0 ± 49.0
inner_corner,64,0.2,0.5,0.0,2.316 ± 0.022,65.25 ± 0.85
inner_corner,64,0.2,0.5,0.1,2.322 ± 0.021,65.9 ± 1.1
inner_corner,64,0.2,0.5,0.2,2.328 ± 0.039,67.75 ± 0.66
inner_corner,64,0.2,0.5,0.3,2.395 ± 0.034,76.8 ± 1.4
inner_corner,64,0.2,0.5,0.4,2.299 ± 0.041,86.8 ± 1.5
inner_corner,64,0.2,0.5,0.45,1.853 ± 0.074,142.9 ± 7.9
inner_corner,64,0.2,0.5,0.49,0.798 ± 0.085,434.0 ± 29.0
inner_corner,64,0.3,0.5,0.0,2.34 ± 0.019,47.65 ± 0.7
inner_corner,64,0.3,0.5,0.1,2.282 ± 0.022,47.2 ± 0.37
inner_corner,64,0.3,0.5,0.2,2.32 ± 0.025,49.8 ± 0.71
inner_corner,64,0.3,0.5,0.3,2.368 ± 0.044,54.9 ± 1.2
inner_corner,64,0.3,0.5,0.4,2.243 ± 0.05,66.4 ± 1.5
inner_corner,64,0.3,0.5,0.45,2.085 ± 0.071,89.6 ± 2.6
inner_corner,64,0.3,0.5,0.49,0.777 ± 0.053,302.0 ± 22.0
inner_corner,64,0.4,0.5,0.0,2.322 ± 0.021,38.35 ± 0.29
inner_corner,64,0.4,0.5,0.1,2.318 ± 0.015,39.4 ± 0.61
inner_corner,64,0.4,0.5,0.2,2.312 ± 0.018,41.0 ± 0.71
inner_corner,64,0.4,0.5,0.3,2.396 ± 0.025,44.3 ± 0.82
inner_corner,64,0.4,0.5,0.4,2.275 ± 0.029,52.2 ± 1.8
inner_corner,64,0.4,0.5,0.45,2.04 ± 0.13,79.0 ± 4.0
inner_corner,64,0.4,0.5,0.49,0.949 ± 0.065,222.0 ± 17.0
inner_corner,64,0.5,0.5,0.0,2.321 ± 0.015,33.5 ± 0.34
inner_corner,64,0.5,0.5,0.1,2.331 ± 0.019,33.8 ± 0.39
inner_corner,64,0.5,0.5,0.2,2.3 ± 0.023,34.7 ± 0.4
inner_corner,64,0.5,0.5,0.3,2.342 ± 0.026,36.9 ± 0.42
inner_corner,64,0.5,0.5,0.4,2.37 ± 0.047,44.4 ± 1.2
inner_corner,64,0.5,0.5,0.45,2.187 ± 0.068,59.0 ± 2.6
inner_corner,64,0.5,0.5,0.49,0.89 ± 0.066,195.0 ± 14.0
inner_corner,64,0.6,0.5,0.0,2.312 ± 0.013,30.0 ± 0.26
inner_corner,64,0.6,0.5,0.1,2.316 ± 0.018,30.75 ± 0.41
inner_corner,64,0.6,0.5,0.2,2.351 ± 0.018,31.2 ± 0.33
inner_corner,64,0.6,0.5,0.3,2.378 ± 0.032,32.5 ± 0.33
inner_corner,64,0.6,0.5,0.4,2.339 ± 0.038,39.6 ± 1.1
inner_corner,64,0.6,0.5,0.45,2.174 ± 0.078,52.1 ± 1.8
inner_corner,64,0.6,0.5,0.49,1.3 ± 0.22,157.0 ± 14.0
inner_corner,64,0.7,0.5,0.0,2.329 ± 0.015,27.55 ± 0.21
inner_corner,64,0.7,0.5,0.1,2.292 ± 0.012,27.55 ± 0.2
inner_corner,64,0.7,0.5,0.2,2.363 ± 0.017,28.35 ± 0.26
inner_corner,64,0.7,0.5,0.3,2.326 ± 0.025,30.3 ± 0.58
inner_corner,64,0.7,0.5,0.4,2.384 ± 0.03,36.2 ± 0.85
inner_corner,64,0.7,0.5,0.45,2.261 ± 0.047,45.3 ± 1.7
inner_corner,64,0.7,0.5,0.49,1.06 ± 0.1,130.5 ± 7.4
inner_corner,64,0.8,0.5,0.0,2.304 ± 0.012,25.95 ± 0.2
inner_corner,64,0.8,0.5,0.1,2.315 ± 0.013,25.9 ± 0.2
inner_corner,64,0.8,0.5,0.2,2.316 ± 0.012,26.25 ± 0.28
inner_corner,64,0.8,0.5,0.3,2.337 ± 0.022,27.75 ± 0.32
inner_corner,64,0.8,0.5,0.4,2.359 ± 0.033,31.35 ± 0.62
inner_corner,64,0.8,0.5,0.45,2.27 ± 0.071,43.4 ± 1.5
inner_corner,64,0.8,0.5,0.49,1.135 ± 0.078,113.2 ± 7.8
inner_corner,64,0.9,0.5,0.0,2.2959 ± 0.0095,24.15 ± 0.2
inner_corner,64,0.9,0.5,0.1,2.316 ± 0.012,24.2 ± 0.24
inner_corner,64,0.9,0.5,0.2,2.323 ± 0.016,25.2 ± 0.27
inner_corner,64,0.9,0.5,0.3,2.323 ± 0.022,26.3 ± 0.42
inner_corner,64,0.9,0.5,0.4,2.376 ± 0.033,31.05 ± 0.84
inner_corner,64,0.9,0.5,0.45,2.309 ± 0.04,36.7 ± 1.0
inner_corner,64,0.9,0.5,0.49,1.08 ± 0.079,110.6 ± 7.5
inner_corner,64,1.0,0.5,0.0,2.274 ± 0.012,22.9 ± 0.1
inner_corner,64,1.0,0.5,0.1,2.301 ± 0.01,23.25 ± 0.19
inner_corner,64,1.0,0.5,0.2,2.301 ± 0.015,23.5 ± 0.18
inner_corner,64,1.0,0.5,0.3,2.341 ± 0.024,24.3 ± 0.26
inner_corner,64,1.0,0.5,0.4,2.327 ± 0.032,27.4 ± 0.62
inner_corner,64,1.0,0.5,0.45,2.316 ± 0.051,35.2 ± 1.1
inner_corner,64,1.0,0.5,0.49,1.049 ± 0.099,104.2 ± 7.2
inner_corner,96,0.1,0.5,0.0,2.276 ± 0.02,163.2 ± 1.8
inner_corner,96,0.1,0.5,0.1,2.267 ± 0.02,162.8 ± 1.7
inner_corner,96,0.1,0.5,0.2,2.311 ± 0.031,169.4 ± 1.9
inner_corner,96,0.1,0.5,0.3,2.409 ± 0.038,188.0 ± 2.6
inner_corner,96,0.1,0.5,0.4,2.335 ± 0.036,222.1 ± 3.2
inner_corner,96,0.1,0.5,0.45,2.137 ± 0.077,327.0 ± 11.0
inner_corner,96,0.1,0.5,0.49,0.756 ± 0.063,1122.0 ± 60.0
inner_corner,96,0.2,0.5,0.0,2.289 ± 0.025,89.8 ± 0.69
inner_corner,96,0.2,0.5,0.1,2.292 ± 0.013,90.35 ± 0.71
inner_corner,96,0.2,0.5,0.2,2.305 ± 0.02,96.0 ± 1.3
inner_corner,96,0.2,0.5,0.3,2.311 ± 0.031,100.8 ± 1.1
inner_corner,96,0.2,0.5,0.4,2.306 ± 0.04,124.8 ± 2.5
inner_corner,96,0.2,0.5,0.45,2.179 ± 0.064,175.0 ± 5.7
inner_corner,96,0.2,0.5,0.49,0.895 ± 0.059,504.0 ± 20.0
inner_corner,96,0.3,0.5,0.0,2.285 ± 0.018,65.95 ± 0.46
inner_corner,96,0.3,0.5,0.1,2.297 ± 0.018,65.75 ± 0.46
inner_corner,96,0.3,0.5,0.2,2.263 ± 0.019,68.35 ± 0.69
inner_corner,96,0.3,0.5,0.3,2.33 ± 0.026,74.1 ± 0.84
inner_corner,96,0.3,0.5,0.4,2.358 ± 0.032,90.0 ± 1.5
inner_corner,96,0.3,0.5,0.45,2.268 ± 0.05,117.2 ± 2.8
inner_corner,96,0.3,0.5,0.49,0.892 ± 0.045,346.0 ± 17.0
inner_corner,96,0.4,0.5,0.0,2.268 ± 0.012,54.9 ± 0.39
inner_corner,96,0.4,0.5,0.1,2.281 ± 0.013,54.55 ± 0.45
inner_corner,96,0.4,0.5,0.2,2.284 ± 0.016,55.5 ± 0.59
inner_corner,96,0.4,0.5,0.3,2.323 ± 0.022,60.75 ± 0.67
inner_corner,96,0.4,0.5,0.4,2.396 ± 0.039,69.95 ± 0.94
inner_corner,96,0.4,0.5,0.45,2.269 ± 0.066,94.6 ± 3.2
inner_corner,96,0.4,0.5,0.49,1.077 ± 0.058,259.0 ± 15.0
inner_corner,96,0.5,0.5,0.0,2.269 ± 0.012,47.15 ± 0.43
inner_corner,96,0.5,0.5,0.1,2.272 ± 0.012,47.35 ± 0.32
inner_corner,96,0.5,0.5,0.2,2.289 ± 0.013,49.4 ± 0.53
inner_corner,96,0.5,0.5,0.3,2.328 ± 0.017,52.25 ± 0.49
inner_corner,96,0.5,0.5,0.4,2.393 ± 0.044,59.2 ± 1.0
inner_corner,96,0.5,0.5,0.45,2.323 ± 0.049,77.1 ± 2.5
inner_corner,96,0.5,0.5,0.49,1.002 ± 0.079,236.0 ± 15.0
inner_corner,96,0.6,0.5,0.0,2.278 ± 0.012,42.6 ± 0.34
inner_corner,96,0.6,0.5,0.1,2.255 ± 0.01,43.4 ± 0.51
inner_corner,96,0.6,0.5,0.2,2.266 ± 0.017,43.65 ± 0.27
inner_corner,96,0.6,0.5,0.3,2.307 ± 0.022,46.1 ± 0.5
inner_corner,96,0.6,0.5,0.4,2.348 ± 0.026,53.8 ± 1.2
inner_corner,96,0.6,0.5,0.45,2.386 ± 0.075,66.8 ± 2.8
inner_corner,96,0.6,0.5,0.49,1.121 ± 0.092,185.0 ± 11.0
inner_corner,96,0.7,0.5,0.0,2.279 ± 0.011,39.35 ± 0.25
inner_corner,96,0.7,0.5,0.1,2.2595 ± 0.0098,39.4 ± 0.17
inner_corner,96,0.7,0.5,0.2,2.264 ± 0.011,40.25 ± 0.33
inner_corner,96,0.7,0.5,0.3,2.288 ± 0.023,42.1 ± 0.43
inner_corner,96,0.7,0.5,0.4,2.371 ± 0.045,48.6 ± 1.1
inner_corner,96,0.7,0.5,0.45,2.205 ± 0.068,64.4 ± 3.3
inner_corner,96,0.7,0.5,0.49,1.141 ± 0.08,168.0 ± 13.0
inner_corner,96,0.8,0.5,0.0,2.2343 ± 0.0083,36.6 ± 0.22
inner_corner,96,0.8,0.5,0.1,2.256 ± 0.01,37.25 ± 0.23
inner_corner,96,0.8,0.5,0.2,2.276 ± 0.013,37.45 ± 0.21
inner_corner,96,0.8,0.5,0.3,2.263 ± 0.018,39.95 ± 0.39
inner_corner,96,0.8,0.5,0.4,2.363 ± 0.045,43.2 ± 0.72
inner_corner,96,0.8,0.5,0.45,2.447 ± 0.055,55.8 ± 1.9
inner_corner,96,0.8,0.5,0.49,1.207 ± 0.071,132.5 ± 7.3
inner_corner,96,0.9,0.5,0.0,2.2364 ± 0.0082,34.7 ± 0.25
inner_corner,96,0.9,0.5,0.1,2.2317 ± 0.0095,35.0 ± 0.16
inner_corner,96,0.9,0.5,0.2,2.2431 ± 0.0095,35.55 ± 0.25
inner_corner,96,0.9,0.5,0.3,2.304 ± 0.016,37.15 ± 0.36
inner_corner,96,0.9,0.5,0.4,2.408 ± 0.031,41.55 ± 0.74
inner_corner,96,0.9,0.5,0.45,2.358 ± 0.052,51.4 ± 0.96
inner_corner,96,0.9,0.5,0.49,1.358 ± 0.089,123.4 ± 7.5
inner_corner,96,1.0,0.5,0.0,2.2221 ± 0.0065,33.3 ± 0.18
inner_corner,96,1.0,0.5,0.1,2.225 ± 0.0073,33.5 ± 0.17
inner_corner,96,1.0,0.5,0.2,2.2215 ± 0.0098,33.6 ± 0.17
inner_corner,96,1.0,0.5,0.3,2.278 ± 0.014,34.75 ± 0.22
inner_corner,96,1.0,0.5,0.4,2.25 ± 0.017,38.55 ± 0.66
inner_corner,96,1.0,0.5,0.45,2.325 ± 0.024,45.9 ± 1.2
inner_corner,96,1.0,0.5,0.49,1.244 ± 0.083,115.2 ± 6.4
inner_corner,128,0.1,0.5,0.0,2.256 ± 0.011,205.4 ± 1.8
inner_corner,128,0.1,0.5,0.1,2.243 ± 0.016,206.8 ± 1.6
inner_corner,128,0.1,0.5,0.2,2.282 ± 0.021,211.6 ± 1.9
inner_corner,128,0.1,0.5,0.3,2.293 ± 0.019,229.4 ± 2.3
inner_corner,128,0.1,0.5,0.4,2.37 ± 0.036,271.8 ± 5.3
inner_corner,128,0.1,0.5,0.45,2.267 ± 0.072,379.0 ± 12.0
inner_corner,128,0.1,0.5,0.49,1.092 ± 0.092,1162.0 ± 56.0
inner_corner,128,0.2,0.5,0.0,2.243 ± 0.013,115.6 ± 1.4
inner_corner,128,0.2,0.5,0.1,2.278 ± 0.019,115.95 ± 0.9
inner_corner,128,0.2,0.5,0.2,2.259 ± 0.017,120.5 ± 1.0
inner_corner,128,0.2,0.5,0.3,2.296 ± 0.022,129.6 ± 1.2
inner_corner,128,0.2,0.5,0.4,2.363 ± 0.044,155.6 ± 2.4
inner_corner,128,0.2,0.5,0.45,2.235 ± 0.061,199.3 ± 7.8
inner_corner,128,0.2,0.5,0.49,1.1 ± 0.091,588.0 ± 33.0
inner_corner,128,0.3,0.5,0.0,2.256 ± 0.014,84.2 ± 0.53
inner_corner,128,0.3,0.5,0.1,2.255 ± 0.015,84.85 ± 0.56
inner_corner,128,0.3,0.5,0.2,2.25 ± 0.014,87.75 ± 0.83
inner_corner,128,0.3,0.5,0.3,2.288 ± 0.016,94.6 ± 0.87
inner_corner,128,0.3,0.5,0.4,2.309 ± 0.025,104.8 ± 1.0
inner_corner,128,0.3,0.5,0.45,2.26 ± 0.061,145.7 ± 5.5
inner_corner,128,0.3,0.5,0.49,1.026 ± 0.083,371.0 ± 16.0
inner_corner,128,0.4,0.5,0.0,2.247 ± 0.012,69.75 ± 0.45
inner_corner,128,0.4,0.5,0.1,2.231 ± 0.012,71.35 ± 0.55
inner_corner,128,0.4,0.5,0.2,2.248 ± 0.013,72.5 ± 0.54
inner_corner,128,0.4,0.5,0.3,2.276 ± 0.019,75.95 ± 0.86
inner_corner,128,0.4,0.5,0.4,2.36 ± 0.034,89.3 ± 1.4
inner_corner,128,0.4,0.5,0.45,2.334 ± 0.037,109.3 ± 2.5
inner_corner,128,0.4,0.5,0.49,1.197 ± 0.073,279.0 ± 9.7
inner_corner,128,0.5,0.5,0.0,2.232 ± 0.01,60.7 ± 0.35
inner_corner,128,0.5,0.5,0.1,2.231 ± 0.013,60.95 ± 0.34
inner_corner,128,0.5,0.5,0.2,2.237 ± 0.01,63.0 ± 0.6
inner_corner,128,0.5,0.5,0.3,2.267 ± 0.023,66.2 ± 0.75
inner_corner,128,0.5,0.5,0.4,2.36 ± 0.032,77.2 ± 1.0
inner_corner,128,0.5,0.5,0.45,2.404 ± 0.048,88.7 ± 1.9
inner_corner,128,0.5,0.5,0.49,1.128 ± 0.078,253.0 ± 12.0
inner_corner,128,0.6,0.5,0.0,2.2374 ± 0.0089,54.8 ± 0.25
inner_corner,128,0.6,0.5,0.1,2.218 ± 0.0098,54.65 ± 0.26
inner_corner,128,0.6,0.5,0.2,2.224 ± 0.011,56.15 ± 0.34
inner_corner,128,0.6,0.5,0.3,2.264 ± 0.015,58.85 ± 0.43
inner_corner,128,0.6,0.5,0.4,2.319 ± 0.021,66.25 ± 0.73
inner_corner,128,0.6,0.5,0.45,2.423 ± 0.039,77.8 ± 1.6
inner_corner,128,0.6,0.5,0.49,1.282 ± 0.076,212.2 ± 8.7
inner_corner,128,0.7,0.5,0.0,2.2155 ± 0.0087,50.8 ± 0.34
inner_corner,128,0.7,0.5,0.1,2.2176 ± 0.008,50.75 ± 0.23
inner_corner,128,0.7,0.5,0.2,2.219 ± 0.01,51.65 ± 0.32
inner_corner,128,0.7,0.5,0.3,2.25 ± 0.012,54.05 ± 0.32
inner_corner,128,0.7,0.5,0.4,2.327 ± 0.021,59.45 ± 0.61
inner_corner,128,0.7,0.5,0.45,2.403 ± 0.037,72.0 ± 1.8
inner_corner,128,0.7,0.5,0.49,1.271 ± 0.071,181.0 ± 17.0
inner_corner,128,0.8,0.5,0.0,2.2127 ± 0.007,47.0 ± 0.22
inner_corner,128,0.8,0.5,0.1,2.1995 ± 0.008,47.75 ± 0.23
inner_corner,128,0.8,0.5,0.2,2.2023 ± 0.01,48.85 ± 0.29
inner_corner,128,0.8,0.5,0.3,2.237 ± 0.013,50.75 ± 0.58
inner_corner,128,0.8,0.5,0.4,2.306 ± 0.024,56.8 ± 0.81
inner_corner,128,0.8,0.5,0.45,2.397 ± 0.04,66.4 ± 1.2
inner_corner,128,0.8,0.5,0.49,1.529 ± 0.08,144.8 ± 5.1
inner_corner,128,0.9,0.5,0.0,2.1778 ± 0.0057,45.25 ± 0.2
inner_corner,128,0.9,0.5,0.1,2.2006 ± 0.006,45.3 ± 0.13
inner_corner,128,0.9,0.5,0.2,2.202 ± 0.012,46.0 ± 0.31
inner_corner,128,0.9,0.5,0.3,2.199 ± 0.014,47.5 ± 0.52
inner_corner,128,0.9,0.5,0.4,2.246 ± 0.018,51.05 ± 0.85
inner_corner,128,0.9,0.5,0.45,2.344 ± 0.031,61.7 ± 1.4
inner_corner,128,0.9,0.5,0.49,1.45 ± 0.1,157.1 ± 8.0
inner_corner,128,1.0,0.5,0.0,2.1654 ± 0.0052,42.8 ± 0.16
inner_corner,128,1.0,0.5,0.1,2.1723 ± 0.0053,43.4 ± 0.2
inner_corner,128,1.0,0.5,0.2,2.1852 ± 0.0071,43.75 ± 0.19
inner_corner,128,1.0,0.5,0.3,2.219 ± 0.013,45.3 ± 0.3
inner_corner,128,1.0,0.5,0.4,2.293 ± 0.025,49.65 ± 0.73
inner_corner,128,1.0,0.5,0.45,2.319 ± 0.026,59.0 ± 1.2
inner_corner,128,1.0,0.5,0.49,1.266 ± 0.086,143.9 ± 8.6
outer_corner,32,0.1,0.5,0.0,2.273 ± 0.055,105.3 ± 1.5
outer_corner,32,0.1,0.5,0.1,2.343 ± 0.059,104.5 ± 1.4
outer_corner,32,0.1,0.5,0.2,2.195 ± 0.046,112.2 ± 2.5
outer_corner,32,0.1,0.5,0.3,2.184 ± 0.047,120.2 ± 2.1
outer_corner,32,0.1,0.5,0.4,2.17 ± 0.084,153.4 ± 4.7
outer_corner,32,0.1,0.5,0.45,2.4 ± 0.13,219.0 ± 11.0
outer_corner,32,0.1,0.5,0.49,1.37 ± 0.096,521.0 ± 33.0
outer_corner,32,0.2,0.5,0.0,2.215 ± 0.057,56.95 ± 0.71
outer_corner,32,0.2,0.5,0.1,2.22 ± 0.05,57.15 ± 0.95
outer_corner,32,0.2,0.5,0.2,2.352 ± 0.058,61.4 ± 1.1
outer_corner,32,0.2,0.5,0.3,2.32 ± 0.13,65.1 ± 1.3
outer_corner,32,0.2,0.5,0.4,2.132 ± 0.078,82.6 ± 3.9
outer_corner,32,0.2,0.5,0.45,2.43 ± 0.18,127.2 ± 6.9
outer_corner,32,0.2,0.5,0.49,1.92 ± 0.28,283.0 ± 23.0
outer_corner,32,0.3,0.5,0.0,2.26 ± 0.069,41.4 ± 0.54
outer_corner,32,0.3,0.5,0.1,2.255 ± 0.046,43.3 ± 0.53
outer_corner,32,0.3,0.5,0.2,2.247 ± 0.057,44.05 ± 0.87
outer_corner,32,0.3,0.5,0.3,2.303 ± 0.062,47.7 ± 1.1
outer_corner,32,0.3,0.5,0.4,2.106 ± 0.048,55.8 ± 2.3
outer_corner,32,0.3,0.5,0.45,2.25 ± 0.12,82.9 ± 5.1
outer_corner,32,0.3,0.5,0.49,1.48 ± 0.18,215.0 ± 16.0
outer_corner,32,0.4,0.5,0.0,2.228 ± 0.041,34.35 ± 0.39
outer_corner,32,0.4,0.5,0.1,2.173 ± 0.028,34.25 ± 0.38
outer_corner,32,0.4,0.5,0.2,2.215 ± 0.035,35.7 ± 0.45
outer_corner,32,0.4,0.5,0.3,2.192 ± 0.042,37.35 ± 0.53
outer_corner,32,0.4,0.5,0.4,2.263 ± 0.084,46.8 ± 1.4
outer_corner,32,0.4,0.5,0.45,2.107 ± 0.057,60.3 ± 2.8
outer_corner,32,0.4,0.5,0.49,1.75 ± 0.24,154.0 ± 13.0
outer_corner,32,0.5,0.5,0.0,2.197 ± 0.035,29.6 ± 0.34
outer_corner,32,0.5,0.5,0.1,2.224 ± 0.038,29.9 ± 0.3
outer_corner,32,0.5,0.5,0.2,2.214 ± 0.04,30.9 ± 0.35
outer_corner,32,0.5,0.5,0.3,2.219 ± 0.051,32.8 ± 0.55
outer_corner,32,0.5,0.5,0.4,2.244 ± 0.057,41.8 ± 1.4
outer_corner,32,0.5,0.5,0.45,2.38 ± 0.14,54.2 ± 2.1
outer_corner,32,0.5,0.5,0.49,1.6 ± 0.17,137.0 ± 12.0
outer_corner,32,0.6,0.5,0.0,2.199 ± 0.033,27.15 ± 0.17
outer_corner,32,0.6,0.5,0.1,2.195 ± 0.03,27.1 ± 0.29
outer_corner,32,0.6,0.5,0.2,2.24 ± 0.032,27.85 ± 0.31
outer_corner,32,0.6,0.5,0.3,2.191 ± 0.042,29.65 ± 0.32
outer_corner,32,0.6,0.5,0.4,2.381 ± 0.085,34.25 ± 0.64
outer_corner,32,0.6,0.5,0.45,2.2 ± 0.11,46.3 ± 2.0
outer_corner,32,0.6,0.5,0.49,1.51 ± 0.14,106.9 ± 9.2
outer_corner,32,0.7,0.5,0.0,2.188 ± 0.029,24.85 ± 0.22
outer_corner,32,0.7,0.5,0.1,2.22 ± 0.041,25.1 ± 0.28
outer_corner,32,0.7,0.5,0.2,2.178 ± 0.037,25.15 ± 0.18
outer_corner,32,0.7,0.5,0.3,2.226 ± 0.049,26.4 ± 0.42
outer_corner,32,0.7,0.5,0.4,2.244 ± 0.057,30.6 ± 0.69
outer_corner,32,0.7,0.5,0.45,2.3 ± 0.13,37.9 ± 1.8
outer_corner,32,0.7,0.5,0.49,1.67 ± 0.19,97.4 ± 5.1
outer_corner,32,0.8,0.5,0.0,2.202 ± 0.02,23.1 ± 0.18
outer_corner,32,0.8,0.5,0.1,2.192 ± 0.026,23.25 ± 0.14
outer_corner,32,0.8,0.5,0.2,2.145 ± 0.023,23.6 ± 0.24
outer_corner,32,0.8,0.5,0.3,2.23 ± 0.051,25.0 ± 0.31
outer_corner,32,0.8,0.5,0.4,2.364 ± 0.088,28.95 ± 0.64
outer_corner,32,0.8,0.5,0.45,2.28 ± 0.11,36.8 ± 1.5
outer_corner,32,0.8,0.5,0.49,1.61 ± 0.17,100.0 ± 11.0
outer_corner,32,0.9,0.5,0.0,2.222 ± 0.02,22.4 ± 0.17
outer_corner,32,0.9,0.5,0.1,2.139 ± 0.022,21.95 ± 0.22
outer_corner,32,0.9,0.5,0.2,2.182 ± 0.027,22.3 ± 0.15
outer_corner,32,0.9,0.5,0.3,2.193 ± 0.037,23.4 ± 0.27
outer_corner,32,0.9,0.5,0.4,2.417 ± 0.064,27.1 ± 0.48
outer_corner,32,0.9,0.5,0.45,2.31 ± 0.15,34.0 ± 1.4
outer_corner,32,0.9,0.5,0.49,1.72 ± 0.18,79.0 ± 5.0
outer_corner,32,1.0,0.5,0.0,2.138 ± 0.016,21.0 ± 0.16
outer_corner,32,1.0,0.5,0.1,2.18 ± 0.02,21.45 ± 0.17
outer_corner,32,1.0,0.5,0.2,2.153 ± 0.028,21.45 ± 0.17
outer_corner,32,1.0,0.5,0.3,2.262 ± 0.031,22.2 ± 0.29
outer_corner,32,1.0,0.5,0.4,2.264 ± 0.065,24.2 ± 0.46
outer_corner,32,1.0,0.5,0.45,2.279 ± 0.068,32.4 ± 1.3
outer_corner,32,1.0,0.5,0.49,1.46 ± 0.12,71.8 ± 5.4
outer_corner,48,0.1,0.5,0.0,2.358 ± 0.05,144.8 ± 1.8
outer_corner,48,0.1,0.5,0.1,2.289 ± 0.037,145.6 ± 1.6
outer_corner,48,0.1,0.5,0.2,2.366 ± 0.056,152.8 ± 1.3
outer_corner,48,0.1,0.5,0.3,2.301 ± 0.04,164.4 ± 2.2
outer_corner,48,0.1,0.5,0.4,2.33 ± 0.15,192.0 ± 11.0
outer_corner,48,0.1,0.5,0.45,2.47 ± 0.12,293.0 ± 13.0
outer_corner,48,0.1,0.5,0.49,2.12 ± 0.24,800.0 ± 53.0
outer_corner,48,0.2,0.5,0.0,2.334 ± 0.036,81.05 ± 0.81
outer_corner,48,0.2,0.5,0.1,2.257 ± 0.043,83.4 ± 0.92
outer_corner,48,0.2,0.5,0.2,2.267 ± 0.051,84.35 ± 0.82
outer_corner,48,0.2,0.5,0.3,2.27 ± 0.044,92.7 ± 1.7
outer_corner,48,0.2,0.5,0.4,2.279 ± 0.074,108.2 ± 2.1
outer_corner,48,0.2,0.5,0.45,2.422 ± 0.089,146.2 ± 5.0
outer_corner,48,0.2,0.5,0.49,1.364 ± 0.097,419.0 ± 24.0
outer_corner,48,0.3,0.5,0.0,2.295 ± 0.026,59.65 ± 0.62
outer_corner,48,0.3,0.5,0.1,2.231 ± 0.027,60.45 ± 0.57
outer_corner,48,0.3,0.5,0.2,2.228 ± 0.04,62.4 ± 0.63
outer_corner,48,0.3,0.5,0.3,2.309 ± 0.041,66.75 ± 0.97
outer_corner,48,0.3,0.5,0.4,2.467 ± 0.084,77.4 ± 1.3
outer_corner,48,0.3,0.5,0.45,2.34 ± 0.1,105.2 ± 4.3
outer_corner,48,0.3,0.5,0.49,1.73 ± 0.14,260.0 ± 18.0
outer_corner,48,0.4,0.5,0.0,2.243 ± 0.032,49.35 ± 0.33
outer_corner,48,0.4,0.5,0.1,2.229 ± 0.036,49.15 ± 0.39
outer_corner,48,0.4,0.5,0.2,2.25 ± 0.039,50.35 ± 0.44
outer_corner,48,0.4,0.5,0.3,2.318 ± 0.055,54.7 ± 0.57
outer_corner,48,0.4,0.5,0.4,2.387 ± 0.054,62.5 ± 1.4
outer_corner,48,0.4,0.5,0.45,2.288 ± 0.062,77.4 ± 3.1
outer_corner,48,0.4,0.5,0.49,1.69 ± 0.13,189.0 ± 14.0
outer_corner,48,0.5,0.5,0.0,2.215 ± 0.029,43.15 ± 0.23
outer_corner,48,0.5,0.5,0.1,2.208 ± 0.029,44.1 ± 0.35
outer_corner,48,0.5,0.5,0.2,2.245 ± 0.037,44.65 ± 0.42
outer_corner,48,0.5,0.5,0.3,2.298 ± 0.044,47.0 ± 0.45
outer_corner,48,0.5,0.5,0.4,2.303 ± 0.047,51.6 ± 0.74
outer_corner,48,0.5,0.5,0.45,2.59 ± 0.15,67.8 ± 2.2
outer_corner,48,0.5,0.5,0.49,1.67 ± 0.12,178.0 ± 13.0
outer_corner,48,0.6,0.5,0.0,2.204 ± 0.021,38.85 ± 0.34
outer_corner,48,0.6,0.5,0.1,2.187 ± 0.022,38.55 ± 0.29
outer_corner,48,0.6,0.5,0.2,2.209 ± 0.033,40.2 ± 0.34
outer_corner,48,0.6,0.5,0.3,2.283 ± 0.033,41.85 ± 0.36
outer_corner,48,0.6,0.5,0.4,2.269 ± 0.059,46.85 ± 0.56
outer_corner,48,0.6,0.5,0.45,2.402 ± 0.08,60.0 ± 2.8
outer_corner,48,0.6,0.5,0.49,1.47 ± 0.1,156.0 ± 17.0
outer_corner,48,0.7,0.5,0.0,2.195 ± 0.018,36.1 ± 0.16
outer_corner,48,0.7,0.5,0.1,2.176 ± 0.024,36.25 ± 0.19
outer_corner,48,0.7,0.5,0.2,2.289 ± 0.029,37.4 ± 0.28
outer_corner,48,0.7,0.5,0.3,2.323 ± 0.039,38.45 ± 0.46
outer_corner,48,0.7,0.5,0.4,2.449 ± 0.061,42.8 ± 0.74
outer_corner,48,0.7,0.5,0.45,2.6 ± 0.16,55.2 ± 1.9
outer_corner,48,0.7,0.5,0.49,1.78 ± 0.11,117.9 ± 6.6
outer_corner,48,0.8,0.5,0.0,2.158 ± 0.015,33.95 ± 0.28
outer_corner,48,0.8,0.5,0.1,2.187 ± 0.016,34.15 ± 0.25
outer_corner,48,0.8,0.5,0.2,2.166 ± 0.013,34.5 ± 0.18
outer_corner,48,0.8,0.5,0.3,2.211 ± 0.022,35.85 ± 0.21
outer_corner,48,0.8,0.5,0.4,2.184 ± 0.035,39.6 ± 0.86
outer_corner,48,0.8,0.5,0.45,2.398 ± 0.067,45.2 ± 1.1
outer_corner,48,0.8,0.5,0.49,2.09 ± 0.22,114.4 ± 4.8
outer_corner,48,0.9,0.5,0.0,2.157 ± 0.02,32.45 ± 0.21
outer_corner,48,0.9,0.5,0.1,2.175 ± 0.018,32.55 ± 0.21
outer_corner,48,0.9,0.5,0.2,2.167 ± 0.018,33.15 ± 0.2
outer_corner,48,0.9,0.5,0.3,2.261 ± 0.03,34.1 ± 0.3
outer_corner,48,0.9,0.5,0.4,2.284 ± 0.036,36.85 ± 0.53
outer_corner,48,0.9,0.5,0.45,2.433 ± 0.061,45.0 ± 1.4
outer_corner,48,0.9,0.5,0.49,1.939 ± 0.097,91.8 ± 4.1
outer_corner,48,1.0,0.5,0.0,2.154 ± 0.018,30.8 ± 0.14
outer_corner,48,1.0,0.5,0.1,2.139 ± 0.019,31.25 ± 0.14
outer_corner,48,1.0,0.5,0.2,2.177 ± 0.021,31.6 ± 0.15
outer_corner,48,1.0,0.5,0.3,2.159 ± 0.016,32.35 ± 0.22
outer_corner,48,1.0,0.5,0.4,2.291 ± 0.036,34.85 ± 0.4
outer_corner,48,1.0,0.5,0.45,2.37 ± 0.1,41.6 ± 1.3
outer_corner,48,1.0,0.5,0.49,1.92 ± 0.11,84.4 ± 5.5
outer_corner,64,0.1,0.5,0.0,2.307 ± 0.032,182.8 ± 1.6
outer_corner,64,0.1,0.5,0.1,2.389 ± 0.043,190.3 ± 2.0
outer_corner,64,0.1,0.5,0.2,2.276 ± 0.032,194.6 ± 2.3
outer_corner,64,0.1,0.5,0.3,2.368 ± 0.052,210.8 ± 2.7
outer_corner,64,0.1,0.5,0.4,2.424 ± 0.068,256.6 ± 6.7
outer_corner,64,0.1,0.5,0.45,2.51 ± 0.085,345.0 ± 13.0
outer_corner,64,0.1,0.5,0.49,1.48 ± 0.16,994.0 ± 70.0
outer_corner,64,0.2,0.5,0.0,2.241 ± 0.028,104.3 ± 0.89
outer_corner,64,0.2,0.5,0.1,2.314 ± 0.03,106.55 ± 0.86
outer_corner,64,0.2,0.5,0.2,2.337 ± 0.035,110.7 ± 1.2
outer_corner,64,0.2,0.5,0.3,2.377 ± 0.053,115.9 ± 1.4
outer_corner,64,0.2,0.5,0.4,2.543 ± 0.074,140.3 ± 2.5
outer_corner,64,0.2,0.5,0.45,2.43 ± 0.051,162.8 ± 4.4
outer_corner,64,0.2,0.5,0.49,1.67 ± 0.16,459.0 ± 31.0
outer_corner,64,0.3,0.5,0.0,2.229 ± 0.028,77.6 ± 0.44
outer_corner,64,0.3,0.5,0.1,2.278 ± 0.027,78.9 ± 0.56
outer_corner,64,0.3,0.5,0.2,2.296 ± 0.039,80.8 ± 0.77
outer_corner,64,0.3,0.5,0.3,2.324 ± 0.041,85.2 ± 0.94
outer_corner,64,0.3,0.5,0.4,2.451 ± 0.062,99.9 ± 2.0
outer_corner,64,0.3,0.5,0.45,2.43 ± 0.1,126.4 ± 4.0
outer_corner,64,0.3,0.5,0.49,1.81 ± 0.15,309.0 ± 18.0
outer_corner,64,0.4,0.5,0.0,2.23 ± 0.028,65.05 ± 0.51
outer_corner,64,0.4,0.5,0.1,2.238 ± 0.022,64.35 ± 0.42
outer_corner,64,0.4,0.5,0.2,2.271 ± 0.032,66.4 ± 0.6
outer_corner,64,0.4,0.5,0.3,2.238 ± 0.035,70.0 ± 0.76
outer_corner,64,0.4,0.5,0.4,2.375 ± 0.049,78.35 ± 0.91
outer_corner,64,0.4,0.5,0.45,2.382 ± 0.054,94.5 ± 2.6
outer_corner,64,0.4,0.5,0.49,1.54 ± 0.15,280.0 ± 23.0
outer_corner,64,0.5,0.5,0.0,2.22 ± 0.02,56.25 ± 0.26
outer_corner,64,0.5,0.5,0.1,2.222 ± 0.022,56.7 ± 0.38
outer_corner,64,0.5,0.5,0.2,2.22 ± 0.021,58.25 ± 0.32
outer_corner,64,0.5,0.5,0.3,2.246 ± 0.024,60.3 ± 0.44
outer_corner,64,0.5,0.5,0.4,2.412 ± 0.062,66.05 ± 0.9
outer_corner,64,0.5,0.5,0.45,2.387 ± 0.062,80.4 ± 1.6
outer_corner,64,0.5,0.5,0.49,2.41 ± 0.25,205.0 ± 10.0
outer_corner,64,0.6,0.5,0.0,2.211 ± 0.02,51.5 ± 0.3
outer_corner,64,0.6,0.5,0.1,2.228 ± 0.019,51.5 ± 0.21
outer_corner,64,0.6,0.5,0.2,2.24 ± 0.028,52.05 ± 0.32
outer_corner,64,0.6,0.5,0.3,2.346 ± 0.046,54.5 ± 0.48
outer_corner,64,0.6,0.5,0.4,2.426 ± 0.049,59.85 ± 0.71
outer_corner,64,0.6,0.5,0.45,2.59 ± 0.14,73.8 ± 2.2
outer_corner,64,0.6,0.5,0.49,2.05 ± 0.14,154.0 ± 6.8
outer_corner,64,0.7,0.5,0.0,2.163 ± 0.016,47.65 ± 0.27
outer_corner,64,0.7,0.5,0.1,2.18 ± 0.013,47.45 ± 0.28
outer_corner,64,0.7,0.5,0.2,2.22 ± 0.021,48.85 ± 0.31
outer_corner,64,0.7,0.5,0.3,2.267 ± 0.03,49.8 ± 0.35
outer_corner,64,0.7,0.5,0.4,2.369 ± 0.056,54.4 ± 0.58
outer_corner,64,0.7,0.5,0.45,2.356 ± 0.054,63.8 ± 1.7
outer_corner,64,0.7,0.5,0.49,1.9 ± 0.16,155.8 ± 6.1
outer_corner,64,0.8,0.5,0.0,2.148 ± 0.017,44.7 ± 0.25
outer_corner,64,0.8,0.5,0.1,2.186 ± 0.017,45.3 ± 0.19
outer_corner,64,0.8,0.5,0.2,2.177 ± 0.019,45.2 ± 0.25
outer_corner,64,0.8,0.5,0.3,2.261 ± 0.036,47.15 ± 0.3
outer_corner,64,0.8,0.5,0.4,2.252 ± 0.036,49.15 ± 0.41
outer_corner,64,0.8,0.5,0.45,2.332 ± 0.043,57.3 ± 1.0
outer_corner,64,0.8,0.5,0.49,2.02 ± 0.23,137.0 ± 7.1
outer_corner,64,0.9,0.5,0.0,2.1241 ± 0.0098,42.25 ± 0.2
outer_corner,64,0.9,0.5,0.1,2.153 ± 0.016,43.15 ± 0.25
outer_corner,64,0.9,0.5,0.2,2.153 ± 0.02,43.45 ± 0.29
outer_corner,64,0.9,0.5,0.3,2.212 ± 0.023,44.5 ± 0.29
outer_corner,64,0.9,0.5,0.4,2.278 ± 0.035,47.4 ± 0.47
outer_corner,64,0.9,0.5,0.45,2.417 ± 0.056,55.0 ± 1.1
outer_corner,64,0.9,0.5,0.49,2.13 ± 0.14,120.8 ± 9.6
outer_corner,64,1.0,0.5,0.0,2.139 ± 0.014,41.1 ± 0.19
outer_corner,64,1.0,0.5,0.1,2.1206 ± 0.0081,41.1 ± 0.25
outer_corner,64,1.0,0.5,0.2,2.149 ± 0.016,41.6 ± 0.2
outer_corner,64,1.0,0.5,0.3,2.162 ± 0.015,42.25 ± 0.18
outer_corner,64,1.0,0.5,0.4,2.217 ± 0.032,44.5 ± 0.46
outer_corner,64,1.0,0.5,0.45,2.367 ± 0.089,50.4 ± 1.3
outer_corner,64,1.0,0.5,0.49,2.22 ± 0.19,111.4 ± 6.7
outer_corner,96,0.1,0.5,0.0,2.3 ± 0.025,270.6 ± 1.8
outer_corner,96,0.1,0.5,0.1,2.303 ± 0.032,274.0 ± 1.6
outer_corner,96,0.1,0.5,0.2,2.302 ± 0.033,283.1 ± 2.8
outer_corner,96,0.1,0.5,0.3,2.318 ± 0.039,296.4 ± 2.2
outer_corner,96,0.1,0.5,0.4,2.444 ± 0.043,350.0 ± 5.7
outer_corner,96,0.1,0.5,0.45,2.426 ± 0.088,438.5 ± 8.6
outer_corner,96,0.1,0.5,0.49,1.99 ± 0.21,1067.0 ± 46.0
outer_corner,96,0.2,0.5,0.0,2.284 ± 0.028,151.4 ± 1.2
outer_corner,96,0.2,0.5,0.1,2.258 ± 0.025,154.8 ± 1.2
outer_corner,96,0.2,0.5,0.2,2.326 ± 0.034,160.3 ± 1.2
outer_corner,96,0.2,0.5,0.3,2.386 ± 0.037,167.0 ± 1.3
outer_corner,96,0.2,0.5,0.4,2.502 ± 0.06,191.3 ± 2.5
outer_corner,96,0.2,0.5,0.45,2.421 ± 0.048,230.0 ± 5.1
outer_corner,96,0.2,0.5,0.49,2.2 ± 0.2,576.0 ± 28.0
outer_corner,96,0.3,0.5,0.0,2.217 ± 0.023,113.95 ± 0.67
outer_corner,96,0.3,0.5,0.1,2.24 ± 0.022,113.25 ± 0.67
outer_corner,96,0.3,0.5,0.2,2.229 ± 0.026,116.7 ± 0.65
outer_corner,96,0.3,0.5,0.3,2.277 ± 0.033,122.35 ± 0.8
outer_corner,96,0.3,0.5,0.4,2.407 ± 0.059,135.2 ± 1.5
outer_corner,96,0.3,0.5,0.45,2.484 ± 0.053,160.8 ± 3.0
outer_corner,96,0.3,0.5,0.49,2.09 ± 0.17,375.0 ± 13.0
outer_corner,96,0.4,0.5,0.0,2.214 ± 0.017,93.55 ± 0.43
outer_corner,96,0.4,0.5,0.1,2.209 ± 0.022,94.8 ± 0.62
outer_corner,96,0.4,0.5,0.2,2.23 ± 0.025,96.3 ± 0.62
outer_corner,96,0.4,0.5,0.3,2.244 ± 0.032,100.95 ± 0.76
outer_corner,96,0.4,0.5,0.4,2.344 ± 0.047,110.4 ± 1.0
outer_corner,96,0.4,0.5,0.45,2.49 ± 0.089,127.4 ± 3.0
outer_corner,96,0.4,0.5,0.49,2.14 ± 0.17,298.0 ± 15.0
outer_corner,96,0.5,0.5,0.0,2.194 ± 0.018,83.55 ± 0.43
outer_corner,96,0.5,0.5,0.1,2.196 ± 0.017,83.65 ± 0.33
outer_corner,96,0.5,0.5,0.2,2.191 ± 0.016,84.7 ± 0.39
outer_corner,96,0.5,0.5,0.3,2.232 ± 0.02,88.2 ± 0.56
outer_corner,96,0.5,0.5,0.4,2.376 ± 0.049,94.5 ± 0.85
outer_corner,96,0.5,0.5,0.45,2.571 ± 0.086,108.7 ± 2.2
outer_corner,96,0.5,0.5,0.49,2.19 ± 0.15,250.8 ± 9.2
outer_corner,96,0.6,0.5,0.0,2.167 ± 0.017,75.3 ± 0.33
outer_corner,96,0.6,0.5,0.1,2.174 ± 0.015,76.25 ± 0.26
outer_corner,96,0.6,0.5,0.2,2.234 ± 0.022,77.2 ± 0.46
outer_corner,96,0.6,0.5,0.3,2.259 ± 0.03,79.95 ± 0.52
outer_corner,96,0.6,0.5,0.4,2.333 ± 0.042,84.85 ± 0.77
outer_corner,96,0.6,0.5,0.45,2.419 ± 0.071,97.4 ± 2.1
outer_corner,96,0.6,0.5,0.49,2.08 ± 0.11,204.8 ± 9.0
outer_corner,96,0.7,0.5,0.0,2.1487 ± 0.0098,69.75 ± 0.28
outer_corner,96,0.7,0.5,0.1,2.147 ± 0.011,70.75 ± 0.26
outer_corner,96,0.7,0.5,0.2,2.174 ± 0.013,71.1 ± 0.4
outer_corner,96,0.7,0.5,0.3,2.246 ± 0.035,73.4 ± 0.52
outer_corner,96,0.7,0.5,0.4,2.333 ± 0.041,77.95 ± 0.72
outer_corner,96,0.7,0.5,0.45,2.405 ± 0.041,87.0 ± 1.4
outer_corner,96,0.7,0.5,0.49,2.41 ± 0.16,177.2 ± 7.0
outer_corner,96,0.8,0.5,0.0,2.1333 ± 0.0098,66.0 ± 0.16
outer_corner,96,0.8,0.5,0.1,2.146 ± 0.015,66.55 ± 0.31
outer_corner,96,0.8,0.5,0.2,2.1349 ± 0.01,66.9 ± 0.25
outer_corner,96,0.8,0.5,0.3,2.156 ± 0.018,68.45 ± 0.37
outer_corner,96,0.8,0.5,0.4,2.323 ± 0.038,73.3 ± 0.6
outer_corner,96,0.8,0.5,0.45,2.386 ± 0.058,79.6 ± 1.2
outer_corner,96,0.8,0.5,0.49,2.132 ± 0.071,164.5 ± 7.4
outer_corner,96,0.9,0.5,0.0,2.1116 ± 0.006,62.85 ± 0.2
outer_corner,96,0.9,0.5,0.1,2.1032 ± 0.0077,63.5 ± 0.22
outer_corner,96,0.9,0.5,0.2,2.123 ± 0.012,63.85 ± 0.22
outer_corner,96,0.9,0.5,0.3,2.179 ± 0.02,65.65 ± 0.28
outer_corner,96,0.9,0.5,0.4,2.299 ± 0.043,69.65 ± 0.65
outer_corner,96,0.9,0.5,0.45,2.333 ± 0.035,73.55 ± 0.9
outer_corner,96,0.9,0.5,0.49,2.44 ± 0.13,154.7 ± 4.9
outer_corner,96,1.0,0.5,0.0,2.0884 ± 0.0075,60.5 ± 0.21
outer_corner,96,1.0,0.5,0.1,2.099 ± 0.01,60.95 ± 0.2
outer_corner,96,1.0,0.5,0.2,2.102 ± 0.011,61.4 ± 0.26
outer_corner,96,1.0,0.5,0.3,2.12 ± 0.011,61.9 ± 0.22
outer_corner,96,1.0,0.5,0.4,2.258 ± 0.028,66.0 ± 0.49
outer_corner,96,1.0,0.5,0.45,2.31 ± 0.04,71.4 ± 1.7
outer_corner,96,1.0,0.5,0.49,2.4 ± 0.17,140.5 ± 7.1
outer_corner,128,0.1,0.5,0.0,2.258 ± 0.021,348.4 ± 2.5
outer_corner,128,0.1,0.5,0.1,2.281 ± 0.025,352.9 ± 2.0
outer_corner,128,0.1,0.5,0.2,2.3 ± 0.023,362.5 ± 2.5
outer_corner,128,0.1,0.5,0.3,2.269 ± 0.032,387.5 ± 2.6
outer_corner,128,0.1,0.5,0.4,2.446 ± 0.061,450.6 ± 4.3
outer_corner,128,0.1,0.5,0.45,2.553 ± 0.075,551.0 ± 15.0
outer_corner,128,0.1,0.5,0.49,2.16 ± 0.12,1231.0 ± 44.0
outer_corner,128,0.2,0.5,0.0,2.247 ± 0.022,199.2 ± 1.2
outer_corner,128,0.2,0.5,0.1,2.255 ± 0.018,202.6 ± 1.1
outer_corner,128,0.2,0.5,0.2,2.233 ± 0.022,206.2 ± 1.1
outer_corner,128,0.2,0.5,0.3,2.36 ± 0.03,219.7 ± 1.4
outer_corner,128,0.2,0.5,0.4,2.375 ± 0.039,248.8 ± 2.7
outer_corner,128,0.2,0.5,0.45,2.393 ± 0.051,283.6 ± 5.4
outer_corner,128,0.2,0.5,0.49,2.01 ± 0.1,686.0 ± 34.0
outer_corner,128,0.3,0.5,0.0,2.209 ± 0.013,148.9 ± 0.74
outer_corner,128,0.3,0.5,0.1,2.234 ± 0.025,150.25 ± 0.77
outer_corner,128,0.3,0.5,0.2,2.234 ± 0.026,153.5 ± 0.97
outer_corner,128,0.3,0.5,0.3,2.238 ± 0.019,160.5 ± 0.84
outer_corner,128,0.3,0.5,0.4,2.399 ± 0.033,176.6 ± 1.4
outer_corner,128,0.3,0.5,0.45,2.429 ± 0.047,199.8 ± 3.5
outer_corner,128,0.3,0.5,0.49,2.112 ± 0.089,449.0 ± 18.0
outer_corner,128,0.4,0.5,0.0,2.2 ± 0.017,123.6 ± 0.61
outer_corner,128,0.4,0.5,0.1,2.1632 ± 0.0097,124.5 ± 0.47
outer_corner,128,0.4,0.5,0.2,2.208 ± 0.016,127.8 ± 0.53
outer_corner,128,0.4,0.5,0.3,2.258 ± 0.017,134.2 ± 0.81
outer_corner,128,0.4,0.5,0.4,2.375 ± 0.034,145.85 ± 0.99
outer_corner,128,0.4,0.5,0.45,2.445 ± 0.06,159.2 ± 2.2
outer_corner,128,0.4,0.5,0.49,2.075 ± 0.093,372.0 ± 15.0
outer_corner,128,0.5,0.5,0.0,2.176 ± 0.018,109.7 ± 0.6
outer_corner,128,0.5,0.5,0.1,2.166 ± 0.016,109.25 ± 0.53
outer_corner,128,0.5,0.5,0.2,2.177 ± 0.018,111.25 ± 0.61
outer_corner,128,0.5,0.5,0.3,2.209 ± 0.017,115.25 ± 0.43
outer_corner,128,0.5,0.5,0.4,2.295 ± 0.023,123.4 ± 0.87
outer_corner,128,0.5,0.5,0.45,2.377 ± 0.033,133.2 ± 1.0
outer_corner,128,0.5,0.5,0.49,2.19 ± 0.1,267.0 ± 11.0
outer_corner,128,0.6,0.5,0.0,2.13 ± 0.013,99.35 ± 0.36
outer_corner,128,0.6,0.5,0.1,2.156 ± 0.01,99.65 ± 0.29
outer_corner,128,0.6,0.5,0.2,2.169 ± 0.02,101.4 ± 0.37
outer_corner,128,0.6,0.5,0.3,2.186 ± 0.017,104.5 ± 0.6
outer_corner,128,0.6,0.5,0.4,2.288 ± 0.046,111.8 ± 1.0
outer_corner,128,0.6,0.5,0.45,2.413 ± 0.054,121.4 ± 1.8
outer_corner,128,0.6,0.5,0.49,2.277 ± 0.088,232.4 ± 8.8
outer_corner,128,0.7,0.5,0.0,2.1201 ± 0.0097,92.2 ± 0.25
outer_corner,128,0.7,0.5,0.1,2.155 ± 0.013,92.85 ± 0.39
outer_corner,128,0.7,0.5,0.2,2.144 ± 0.013,94.0 ± 0.4
outer_corner,128,0.7,0.5,0.3,2.164 ± 0.015,95.95 ± 0.37
outer_corner,128,0.7,0.5,0.4,2.33 ± 0.031,102.5 ± 0.7
outer_corner,128,0.7,0.5,0.45,2.37 ± 0.058,111.0 ± 1.1
outer_corner,128,0.7,0.5,0.49,2.53 ± 0.19,229.6 ± 9.0
outer_corner,128,0.8,0.5,0.0,2.1264 ± 0.0094,87.85 ± 0.26
outer_corner,128,0.8,0.5,0.1,2.1166 ± 0.0065,87.35 ± 0.34
outer_corner,128,0.8,0.5,0.2,2.1273 ± 0.0089,88.85 ± 0.29
outer_corner,128,0.8,0.5,0.3,2.174 ± 0.016,91.15 ± 0.23
outer_corner,128,0.8,0.5,0.4,2.233 ± 0.022,94.7 ± 0.49
outer_corner,128,0.8,0.5,0.45,2.348 ± 0.032,101.35 ± 1.0
outer_corner,128,0.8,0.5,0.49,2.45 ± 0.16,201.6 ± 8.2
outer_corner,128,0.9,0.5,0.0,2.0838 ± 0.0073,83.1 ± 0.22
outer_corner,128,0.9,0.5,0.1,2.1181 ± 0.0099,83.7 ± 0.24
outer_corner,128,0.9,0.5,0.2,2.12 ± 0.012,84.45 ± 0.32
outer_corner,128,0.9,0.5,0.3,2.12 ± 0.013,85.6 ± 0.35
outer_corner,128,0.9,0.5,0.4,2.247 ± 0.023,90.1 ± 0.4
outer_corner,128,0.9,0.5,0.45,2.239 ± 0.025,94.05 ± 0.66
outer_corner,128,0.9,0.5,0.49,2.332 ± 0.081,174.5 ± 6.9
outer_corner,128,1.0,0.5,0.0,2.0816 ± 0.0061,80.3 ± 0.19
outer_corner,128,1.0,0.5,0.1,2.0774 ± 0.0064,80.15 ± 0.27
outer_corner,128,1.0,0.5,0.2,2.0991 ± 0.0075,81.25 ± 0.24
outer_corner,128,1.0,0.5,0.3,2.105 ± 0.013,82.15 ± 0.29
outer_corner,128,1.0,0.5,0.4,2.224 ± 0.03,85.65 ± 0.46
outer_corner,128,1.0,0.5,0.45,2.297 ± 0.031,90.1 ± 0.63
outer_corner,128,1.0,0.5,0.49,2.36 ± 0.053,163.2 ± 7.0
center,32,0.1,0.5,0.0,2.05 ± 0.04,108.4 ± 2.1
center,32,0.1,0.5,0.1,2.039 ± 0.039,112.0 ± 1.2
center,32,0.1,0.5,0.2,2.067 ± 0.052,115.6 ± 2.2
center,32,0.1,0.5,0.3,2.038 ± 0.052,128.2 ± 2.3
center,32,0.1,0.5,0.4,2.003 ± 0.051,154.0 ± 3.7
center,32,0.1,0.5,0.45,1.712 ± 0.092,225.0 ± 11.0
center,32,0.1,0.5,0.49,1.17 ± 0.14,466.0 ± 37.0
center,32,0.2,0.5,0.0,2.027 ± 0.034,65.0 ± 1.5
center,32,0.2,0.5,0.1,2.095 ± 0.035,64.4 ± 1.3
center,32,0.2,0.5,0.2,2.14 ± 0.042,65.5 ± 1.7
center,32,0.2,0.5,0.3,2.093 ± 0.047,69.6 ± 1.1
center,32,0.2,0.5,0.4,1.988 ± 0.039,84.4 ± 2.6
center,32,0.2,0.5,0.45,1.81 ± 0.12,118.5 ± 6.1
center,32,0.2,0.5,0.49,1.01 ± 0.12,260.0 ± 19.0
center,32,0.3,0.5,0.0,2.082 ± 0.025,44.55 ± 0.75
center,32,0.3,0.5,0.1,2.054 ± 0.019,44.95 ± 0.58
center,32,0.3,0.5,0.2,2.045 ± 0.034,47.7 ± 1.0
center,32,0.3,0.5,0.3,2.07 ± 0.041,50.2 ± 1.2
center,32,0.3,0.5,0.4,2.138 ± 0.056,59.2 ± 2.2
center,32,0.3,0.5,0.45,1.947 ± 0.077,81.2 ± 3.6
center,32,0.3,0.5,0.49,0.94 ± 0.096,205.0 ± 14.0
center,32,0.4,0.5,0.0,2.104 ± 0.031,37.4 ± 0.43
center,32,0.4,0.5,0.1,2.064 ± 0.021,36.95 ± 0.46
center,32,0.4,0.5,0.2,2.113 ± 0.036,38.4 ± 0.46
center,32,0.4,0.5,0.3,2.137 ± 0.047,41.7 ± 0.52
center,32,0.4,0.5,0.4,2.094 ± 0.034,49.2 ± 1.3
center,32,0.4,0.5,0.45,1.817 ± 0.065,61.6 ± 3.8
center,32,0.4,0.5,0.49,1.0 ± 0.19,163.0 ± 11.0
center,32,0.5,0.5,0.0,2.076 ± 0.025,31.9 ± 0.5
center,32,0.5,0.5,0.1,2.059 ± 0.023,31.9 ± 0.38
center,32,0.5,0.5,0.2,2.17 ± 0.03,32.75 ± 0.44
center,32,0.5,0.5,0.3,2.053 ± 0.029,35.05 ± 0.63
center,32,0.5,0.5,0.4,2.214 ± 0.079,39.45 ± 0.59
center,32,0.5,0.5,0.45,1.993 ± 0.09,49.6 ± 3.6
center,32,0.5,0.5,0.49,0.94 ± 0.1,145.0 ± 14.0
center,32,0.6,0.5,0.0,2.102 ± 0.022,29.0 ± 0.36
center,32,0.6,0.5,0.1,2.098 ± 0.023,29.0 ± 0.32
center,32,0.6,0.5,0.2,2.139 ± 0.026,29.3 ± 0.31
center,32,0.6,0.5,0.3,2.021 ± 0.021,31.5 ± 0.6
center,32,0.6,0.5,0.4,2.056 ± 0.04,36.4 ± 1.2
center,32,0.6,0.5,0.45,2.029 ± 0.088,46.4 ± 1.8
center,32,0.6,0.5,0.49,1.29 ± 0.21,103.8 ± 8.0
center,32,0.7,0.5,0.0,2.112 ± 0.022,26.4 ± 0.31
center,32,0.7,0.5,0.1,2.102 ± 0.019,26.1 ± 0.2
center,32,0.7,0.5,0.2,2.091 ± 0.024,26.65 ± 0.37
center,32,0.7,0.5,0.3,2.087 ± 0.029,28.0 ± 0.44
center,32,0.7,0.5,0.4,2.026 ± 0.029,31.7 ± 1.0
center,32,0.7,0.5,0.45,1.968 ± 0.06,39.0 ± 1.9
center,32,0.7,0.5,0.49,0.894 ± 0.1,114.2 ± 9.6
center,32,0.8,0.5,0.0,2.09 ± 0.014,25.05 ± 0.26
center,32,0.8,0.5,0.1,2.065 ± 0.016,24.65 ± 0.26
center,32,0.8,0.5,0.2,2.091 ± 0.02,25.15 ± 0.29
center,32,0.8,0.5,0.3,2.129 ± 0.029,26.45 ± 0.49
center,32,0.8,0.5,0.4,2.16 ± 0.035,29.0 ± 0.45
center,32,0.8,0.5,0.45,2.018 ± 0.052,34.6 ± 1.3
center,32,0.8,0.5,0.49,1.34 ± 0.1,77.6 ± 7.5
center,32,0.9,0.5,0.0,2.084 ± 0.012,23.05 ± 0.21
center,32,0.9,0.5,0.1,2.079 ± 0.018,23.55 ± 0.2
center,32,0.9,0.5,0.2,2.067 ± 0.017,23.5 ± 0.22
center,32,0.9,0.5,0.3,2.064 ± 0.024,24.5 ± 0.26
center,32,0.9,0.5,0.4,2.175 ± 0.061,27.9 ± 0.66
center,32,0.9,0.5,0.45,2.122 ± 0.084,34.1 ± 1.7
center,32,0.9,0.5,0.49,0.957 ± 0.084,81.6 ± 6.5
center,32,1.0,0.5,0.0,2.09 ± 0.012,22.1 ± 0.19
center,32,1.0,0.5,0.1,2.076 ± 0.013,22.35 ± 0.17
center,32,1.0,0.5,0.2,2.069 ± 0.02,22.35 ± 0.22
center,32,1.0,0.5,0.3,2.091 ± 0.015,23.15 ± 0.36
center,32,1.0,0.5,0.4,2.091 ± 0.034,25.5 ± 0.59
center,32,1.0,0.5,0.45,2.027 ± 0.047,30.7 ± 1.6
center,32,1.0,0.5,0.49,1.19 ± 0.12,74.2 ± 7.1
center,48,0.1,0.5,0.0,2.092 ± 0.035,152.6 ± 1.7
center,48,0.1,0.5,0.1,2.124 ± 0.036,159.2 ± 1.7
center,48,0.1,0.5,0.2,2.059 ± 0.029,160.0 ± 1.8
center,48,0.1,0.5,0.3,2.081 ± 0.036,176.0 ± 2.8
center,48,0.1,0.5,0.4,2.098 ± 0.041,205.2 ± 3.7
center,48,0.1,0.5,0.45,2.015 ± 0.059,276.0 ± 12.0
center,48,0.1,0.5,0.49,0.957 ± 0.076,676.0 ± 44.0
center,48,0.2,0.5,0.0,2.099 ± 0.027,86.2 ± 1.1
center,48,0.2,0.5,0.1,2.088 ± 0.033,87.8 ± 1.3
center,48,0.2,0.5,0.2,2.075 ± 0.03,91.3 ± 1.2
center,48,0.2,0.5,0.3,2.137 ± 0.028,99.6 ± 1.6
center,48,0.2,0.5,0.4,2.169 ± 0.059,107.0 ± 2.0
center,48,0.2,0.5,0.45,2.02 ± 0.061,146.5 ± 4.5
center,48,0.2,0.5,0.49,0.851 ± 0.074,395.0 ± 23.0
center,48,0.3,0.5,0.0,2.134 ± 0.023,65.1 ± 0.58
center,48,0.3,0.5,0.1,2.114 ± 0.019,65.2 ± 0.85
center,48,0.3,0.5,0.2,2.103 ± 0.02,66.35 ± 0.81
center,48,0.3,0.5,0.3,2.096 ± 0.029,70.6 ± 1.1
center,48,0.3,0.5,0.4,2.093 ± 0.031,81.7 ± 1.5
center,48,0.3,0.5,0.45,2.011 ± 0.066,106.4 ± 4.8
center,48,0.3,0.5,0.49,1.034 ± 0.062,247.0 ± 14.0
center,48,0.4,0.5,0.0,2.11 ± 0.018,52.45 ± 0.53
center,48,0.4,0.5,0.1,2.138 ± 0.023,54.7 ± 0.69
center,48,0.4,0.5,0.2,2.092 ± 0.024,53.3 ± 0.42
center,48,0.4,0.5,0.3,2.057 ± 0.024,57.6 ± 1.2
center,48,0.4,0.5,0.4,2.209 ± 0.044,66.0 ± 1.5
center,48,0.4,0.5,0.45,2.11 ± 0.088,78.0 ± 2.5
center,48,0.4,0.5,0.49,0.931 ± 0.064,214.0 ± 14.0
center,48,0.5,0.5,0.0,2.113 ± 0.016,45.6 ± 0.32
center,48,0.5,0.5,0.1,2.069 ± 0.012,44.95 ± 0.4
center,48,0.5,0.5,0.2,2.078 ± 0.017,46.85 ± 0.69
center,48,0.5,0.5,0.3,2.141 ± 0.026,49.75 ± 0.77
center,48,0.5,0.5,0.4,2.219 ± 0.053,56.25 ± 0.99
center,48,0.5,0.5,0.45,1.972 ± 0.037,72.2 ± 2.4
center,48,0.5,0.5,0.49,1.2 ± 0.12,166.0 ± 13.0
center,48,0.6,0.5,0.0,2.114 ± 0.015,41.05 ± 0.37
center,48,0.6,0.5,0.1,2.133 ± 0.015,42.05 ± 0.53
center,48,0.6,0.5,0.2,2.138 ± 0.014,42.25 ± 0.46
center,48,0.6,0.5,0.3,2.129 ± 0.016,43.85 ± 0.35
center,48,0.6,0.5,0.4,2.102 ± 0.04,48.2 ± 0.68
center,48,0.6,0.5,0.45,2.138 ± 0.061,60.6 ± 2.1
center,48,0.6,0.5,0.49,1.18 ± 0.22,156.2 ± 8.7
center,48,0.7,0.5,0.0,2.089 ± 0.014,38.05 ± 0.2
center,48,0.7,0.5,0.1,2.106 ± 0.018,38.55 ± 0.46
center,48,0.7,0.5,0.2,2.086 ± 0.02,38.5 ± 0.37
center,48,0.7,0.5,0.3,2.096 ± 0.017,40.45 ± 0.41
center,48,0.7,0.5,0.4,2.132 ± 0.031,44.5 ± 0.58
center,48,0.7,0.5,0.45,2.113 ± 0.03,52.1 ± 1.6
center,48,0.7,0.5,0.49,1.33 ± 0.17,121.6 ± 8.3
center,48,0.8,0.5,0.0,2.092 ± 0.012,35.6 ± 0.24
center,48,0.8,0.5,0.1,2.107 ± 0.014,35.6 ± 0.3
center,48,0.8,0.5,0.2,2.09 ± 0.016,36.25 ± 0.28
center,48,0.8,0.5,0.3,2.102 ± 0.021,37.45 ± 0.37
center,48,0.8,0.5,0.4,2.049 ± 0.023,40.2 ± 0.62
center,48,0.8,0.5,0.45,2.099 ± 0.045,48.4 ± 2.0
center,48,0.8,0.5,0.49,1.204 ± 0.095,110.4 ± 7.5
center,48,0.9,0.5,0.0,2.09 ± 0.012,33.2 ± 0.22
center,48,0.9,0.5,0.1,2.068 ± 0.014,33.75 ± 0.22
center,48,0.9,0.5,0.2,2.094 ± 0.011,33.95 ± 0.29
center,48,0.9,0.5,0.3,2.093 ± 0.013,36.0 ± 0.33
center,48,0.9,0.5,0.4,2.109 ± 0.029,38.35 ± 0.44
center,48,0.9,0.5,0.45,2.122 ± 0.037,43.0 ± 1.6
center,48,0.9,0.5,0.49,1.291 ± 0.085,94.9 ± 5.4
center,48,1.0,0.5,0.0,2.08 ± 0.01,31.95 ± 0.21
center,48,1.0,0.5,0.1,2.071 ± 0.01,32.2 ± 0.14
center,48,1.0,0.5,0.2,2.095 ± 0.015,32.9 ± 0.26
center,48,1.0,0.5,0.3,2.095 ± 0.017,34.0 ± 0.36
center,48,1.0,0.5,0.4,2.114 ± 0.022,36.25 ± 0.6
center,48,1.0,0.5,0.45,2.092 ± 0.022,42.4 ± 1.0
center,48,1.0,0.5,0.49,1.42 ± 0.13,91.8 ± 6.7
center,64,0.1,0.5,0.0,2.129 ± 0.023,200.5 ± 2.3
center,64,0.1,0.5,0.1,2.101 ± 0.021,193.8 ± 2.3
center,64,0.1,0.5,0.2,2.153 ± 0.03,206.6 ± 2.4
center,64,0.1,0.5,0.3,2.114 ± 0.028,222.3 ± 2.3
center,64,0.1,0.5,0.4,2.195 ± 0.041,264.6 ± 3.7
center,64,0.1,0.5,0.45,2.149 ± 0.044,329.8 ± 10.0
center,64,0.1,0.5,0.49,1.098 ± 0.075,772.0 ± 34.0
center,64,0.2,0.5,0.0,2.124 ± 0.027,113.4 ± 1.1
center,64,0.2,0.5,0.1,2.102 ± 0.024,110.15 ± 0.93
center,64,0.2,0.5,0.2,2.118 ± 0.024,116.4 ± 1.3
center,64,0.2,0.5,0.3,2.151 ± 0.023,124.4 ± 1.8
center,64,0.2,0.5,0.4,2.097 ± 0.049,139.9 ± 2.5
center,64,0.2,0.5,0.45,2.157 ± 0.062,174.2 ± 5.5
center,64,0.2,0.5,0.49,1.17 ± 0.21,458.0 ± 27.0
center,64,0.3,0.5,0.0,2.134 ± 0.016,82.0 ± 0.82
center,64,0.3,0.5,0.1,2.108 ± 0.021,83.9 ± 0.8
center,64,0.3,0.5,0.2,2.132 ± 0.022,85.7 ± 0.9
center,64,0.3,0.5,0.3,2.123 ± 0.027,89.7 ± 1.0
center,64,0.3,0.5,0.4,2.147 ± 0.032,98.7 ± 1.2
center,64,0.3,0.5,0.45,2.093 ± 0.035,129.8 ± 4.1
center,64,0.3,0.5,0.49,1.089 ± 0.084,316.0 ± 19.0
center,64,0.4,0.5,0.0,2.101 ± 0.015,67.2 ± 0.57
center,64,0.4,0.5,0.1,2.13 ± 0.021,69.0 ± 0.44
center,64,0.4,0.5,0.2,2.102 ± 0.017,69.7 ± 0.79
center,64,0.4,0.5,0.3,2.145 ± 0.016,73.6 ± 0.65
center,64,0.4,0.5,0.4,2.129 ± 0.026,81.2 ± 1.2
center,64,0.4,0.5,0.45,2.32 ± 0.13,105.8 ± 4.4
center,64,0.4,0.5,0.49,1.146 ± 0.069,229.0 ± 17.0
center,64,0.5,0.5,0.0,2.082 ± 0.015,59.5 ± 0.37
center,64,0.5,0.5,0.1,2.102 ± 0.015,59.7 ± 0.51
center,64,0.5,0.5,0.2,2.136 ± 0.021,61.75 ± 0.52
center,64,0.5,0.5,0.3,2.089 ± 0.013,63.6 ± 0.7
center,64,0.5,0.5,0.4,2.104 ± 0.021,72.0 ± 1.6
center,64,0.5,0.5,0.45,2.172 ± 0.024,81.4 ± 2.0
center,64,0.5,0.5,0.49,1.284 ± 0.068,171.0 ± 5.6
center,64,0.6,0.5,0.0,2.099 ± 0.011,53.75 ± 0.43
center,64,0.6,0.5,0.1,2.1093 ± 0.0097,54.1 ± 0.6
center,64,0.6,0.5,0.2,2.089 ± 0.012,54.8 ± 0.52
center,64,0.6,0.5,0.3,2.132 ± 0.018,57.65 ± 0.45
center,64,0.6,0.5,0.4,2.127 ± 0.024,63.3 ± 0.91
center,64,0.6,0.5,0.45,2.166 ± 0.029,75.8 ± 1.6
center,64,0.6,0.5,0.49,1.239 ± 0.088,170.0 ± 11.0
center,64,0.7,0.5,0.0,2.094 ± 0.011,49.25 ± 0.37
center,64,0.7,0.5,0.1,2.11 ± 0.013,50.0 ± 0.35
center,64,0.7,0.5,0.2,2.119 ± 0.014,50.45 ± 0.41
center,64,0.7,0.5,0.3,2.105 ± 0.014,52.5 ± 0.43
center,64,0.7,0.5,0.4,2.137 ± 0.025,56.45 ± 0.78
center,64,0.7,0.5,0.45,2.144 ± 0.03,66.2 ± 1.7
center,64,0.7,0.5,0.49,1.438 ± 0.077,127.6 ± 4.8
center,64,0.8,0.5,0.0,2.0822 ± 0.007,46.55 ± 0.3
center,64,0.8,0.5,0.1,2.073 ± 0.011,46.3 ± 0.26
center,64,0.8,0.5,0.2,2.09 ± 0.01,47.6 ± 0.3
center,64,0.8,0.5,0.3,2.113 ± 0.016,48.9 ± 0.49
center,64,0.8,0.5,0.4,2.091 ± 0.024,52.55 ± 0.96
center,64,0.8,0.5,0.45,2.122 ± 0.021,60.2 ± 2.0
center,64,0.8,0.5,0.49,1.48 ± 0.1,122.2 ± 9.9
center,64,0.9,0.5,0.0,2.0767 ± 0.0081,43.85 ± 0.27
center,64,0.9,0.5,0.1,2.075 ± 0.011,44.55 ± 0.25
center,64,0.9,0.5,0.2,2.0905 ± 0.0087,45.4 ± 0.33
center,64,0.9,0.5,0.3,2.103 ± 0.025,45.8 ± 0.51
center,64,0.9,0.5,0.4,2.107 ± 0.02,48.8 ± 0.5
center,64,0.9,0.5,0.45,2.14 ± 0.024,56.8 ± 1.7
center,64,0.9,0.5,0.49,1.436 ± 0.081,112.4 ± 4.1
center,64,1.0,0.5,0.0,2.064 ± 0.01,42.3 ± 0.25
center,64,1.0,0.5,0.1,2.0721 ± 0.007,42.2 ± 0.3
center,64,1.0,0.5,0.2,2.0781 ± 0.0066,43.45 ± 0.29
center,64,1.0,0.5,0.3,2.072 ± 0.013,43.4 ± 0.28
center,64,1.0,0.5,0.4,2.098 ± 0.013,47.1 ± 0.58
center,64,1.0,0.5,0.45,2.122 ± 0.021,53.4 ± 1.4
center,64,1.0,0.5,0.49,1.368 ± 0.094,111.8 ± 5.4
center,96,0.1,0.5,0.0,2.115 ± 0.024,282.4 ± 3.3
center,96,0.1,0.5,0.1,2.132 ± 0.02,280.2 ± 2.6
center,96,0.1,0.5,0.2,2.109 ± 0.022,291.8 ± 2.6
center,96,0.1,0.5,0.3,2.134 ± 0.03,311.4 ± 3.7
center,96,0.1,0.5,0.4,2.143 ± 0.025,360.4 ± 4.4
center,96,0.1,0.5,0.45,2.152 ± 0.038,437.8 ± 8.7
center,96,0.1,0.5,0.49,1.293 ± 0.087,970.0 ± 57.0
center,96,0.2,0.5,0.0,2.12 ± 0.019,159.4 ± 1.3
center,96,0.2,0.5,0.1,2.092 ± 0.013,161.7 ± 1.4
center,96,0.2,0.5,0.2,2.095 ± 0.019,162.5 ± 0.89
center,96,0.2,0.5,0.3,2.109 ± 0.019,178.2 ± 1.8
center,96,0.2,0.5,0.4,2.176 ± 0.025,199.5 ± 2.3
center,96,0.2,0.5,0.45,2.181 ± 0.028,239.3 ± 5.6
center,96,0.2,0.5,0.49,1.23 ± 0.1,579.0 ± 25.0
center,96,0.3,0.5,0.0,2.155 ± 0.016,120.2 ± 0.94
center,96,0.3,0.5,0.1,2.103 ± 0.016,121.6 ± 1.0
center,96,0.3,0.5,0.2,2.104 ± 0.016,122.15 ± 0.9
center,96,0.3,0.5,0.3,2.145 ± 0.018,129.6 ± 1.7
center,96,0.3,0.5,0.4,2.168 ± 0.025,142.0 ± 1.6
center,96,0.3,0.5,0.45,2.144 ± 0.025,172.0 ± 4.0
center,96,0.3,0.5,0.49,1.267 ± 0.073,376.0 ± 23.0
center,96,0.4,0.5,0.0,2.112 ± 0.013,98.3 ± 0.84
center,96,0.4,0.5,0.1,2.116 ± 0.013,98.6 ± 0.45
center,96,0.4,0.5,0.2,2.101 ± 0.018,100.9 ± 0.8
center,96,0.4,0.5,0.3,2.063 ± 0.016,104.9 ± 0.85
center,96,0.4,0.5,0.4,2.14 ± 0.021,118.7 ± 1.6
center,96,0.4,0.5,0.45,2.174 ± 0.022,134.0 ± 3.1
center,96,0.4,0.5,0.49,1.453 ± 0.086,284.0 ± 21.0
center,96,0.5,0.5,0.0,2.103 ± 0.011,86.65 ± 0.42
center,96,0.5,0.5,0.1,2.103 ± 0.0083,87.3 ± 0.53
center,96,0.5,0.5,0.2,2.148 ± 0.013,88.85 ± 0.64
center,96,0.5,0.5,0.3,2.098 ± 0.018,92.05 ± 0.84
center,96,0.5,0.5,0.4,2.171 ± 0.023,100.2 ± 1.0
center,96,0.5,0.5,0.45,2.175 ± 0.041,111.8 ± 2.4
center,96,0.5,0.5,0.49,1.4 ± 0.11,248.0 ± 16.0
center,96,0.6,0.5,0.0,2.108 ± 0.012,78.05 ± 0.31
center,96,0.6,0.5,0.1,2.09 ± 0.011,78.3 ± 0.43
center,96,0.6,0.5,0.2,2.071 ± 0.013,80.7 ± 0.53
center,96,0.6,0.5,0.3,2.12 ± 0.016,81.6 ± 0.47
center,96,0.6,0.5,0.4,2.129 ± 0.019,90.9 ± 0.93
center,96,0.6,0.5,0.45,2.101 ± 0.021,97.0 ± 1.5
center,96,0.6,0.5,0.49,1.55 ± 0.1,197.0 ± 9.3
center,96,0.7,0.5,0.0,2.0869 ± 0.0086,72.55 ± 0.38
center,96,0.7,0.5,0.1,2.0747 ± 0.0076,72.95 ± 0.37
center,96,0.7,0.5,0.2,2.087 ± 0.0093,73.6 ± 0.35
center,96,0.7,0.5,0.3,2.0797 ± 0.0099,75.65 ± 0.51
center,96,0.7,0.5,0.4,2.103 ± 0.016,81.15 ± 0.97
center,96,0.7,0.5,0.45,2.174 ± 0.028,92.2 ± 2.4
center,96,0.7,0.5,0.49,1.62 ± 0.11,177.7 ± 7.1
center,96,0.8,0.5,0.0,2.089 ± 0.006,67.95 ± 0.28
center,96,0.8,0.5,0.1,2.0821 ± 0.0086,68.35 ± 0.33
center,96,0.8,0.5,0.2,2.0809 ± 0.0099,68.85 ± 0.28
center,96,0.8,0.5,0.3,2.088 ± 0.011,71.15 ± 0.42
center,96,0.8,0.5,0.4,2.102 ± 0.023,75.85 ± 0.87
center,96,0.8,0.5,0.45,2.176 ± 0.036,86.0 ± 1.8
center,96,0.8,0.5,0.49,1.85 ± 0.13,157.6 ± 5.9
center,96,0.9,0.5,0.0,2.0612 ± 0.0056,64.3 ± 0.19
center,96,0.9,0.5,0.1,2.0566 ± 0.0064,65.1 ± 0.26
center,96,0.9,0.5,0.2,2.0734 ± 0.008,65.4 ± 0.21
center,96,0.9,0.5,0.3,2.0808 ± 0.0073,67.5 ± 0.49
center,96,0.9,0.5,0.4,2.114 ± 0.013,71.45 ± 0.52
center,96,0.9,0.5,0.45,2.136 ± 0.021,77.75 ± 0.99
center,96,0.9,0.5,0.49,1.694 ± 0.097,147.0 ± 6.9
center,96,1.0,0.5,0.0,2.0588 ± 0.0041,62.2 ± 0.17
center,96,1.0,0.5,0.1,2.0636 ± 0.0055,62.3 ± 0.19
center,96,1.0,0.5,0.2,2.0595 ± 0.0063,62.75 ± 0.2
center,96,1.0,0.5,0.3,2.079 ± 0.01,64.4 ± 0.28
center,96,1.0,0.5,0.4,2.093 ± 0.012,67.2 ± 0.57
center,96,1.0,0.5,0.45,2.126 ± 0.022,73.8 ± 1.1
center,96,1.0,0.5,0.49,1.785 ± 0.065,130.2 ± 5.3
center,128,0.1,0.5,0.0,2.138 ± 0.014,367.8 ± 2.8
center,128,0.1,0.5,0.1,2.115 ± 0.018,370.1 ± 2.6
center,128,0.1,0.5,0.2,2.141 ± 0.022,386.2 ± 2.7
center,128,0.1,0.5,0.3,2.139 ± 0.018,408.6 ± 3.2
center,128,0.1,0.5,0.4,2.197 ± 0.023,454.8 ± 4.2
center,128,0.1,0.5,0.45,2.213 ± 0.037,567.0 ± 16.0
center,128,0.1,0.5,0.49,1.32 ± 0.079,1228.0 ± 59.0
center,128,0.2,0.5,0.0,2.118 ± 0.011,206.8 ± 1.1
center,128,0.2,0.5,0.1,2.113 ± 0.017,210.0 ± 1.5
center,128,0.2,0.5,0.2,2.1 ± 0.013,214.3 ± 1.0
center,128,0.2,0.5,0.3,2.116 ± 0.017,228.8 ± 2.2
center,128,0.2,0.5,0.4,2.129 ± 0.021,255.4 ± 3.0
center,128,0.2,0.5,0.45,2.213 ± 0.036,302.8 ± 6.5
center,128,0.2,0.5,0.49,1.64 ± 0.14,587.0 ± 17.0
center,128,0.3,0.5,0.0,2.085 ± 0.012,155.45 ± 0.9
center,128,0.3,0.5,0.1,2.099 ± 0.012,156.2 ± 0.86
center,128,0.3,0.5,0.2,2.116 ± 0.013,160.95 ± 0.97
center,128,0.3,0.5,0.3,2.127 ± 0.016,168.6 ± 1.8
center,128,0.3,0.5,0.4,2.163 ± 0.02,184.6 ± 2.0
center,128,0.3,0.5,0.45,2.151 ± 0.021,219.8 ± 5.0
center,128,0.3,0.5,0.49,1.52 ± 0.11,448.0 ± 22.0
center,128,0.4,0.5,0.0,2.108 ± 0.0089,128.65 ± 0.75
center,128,0.4,0.5,0.1,2.111 ± 0.011,129.75 ± 0.69
center,128,0.4,0.5,0.2,2.128 ± 0.014,134.1 ± 0.7
center,128,0.4,0.5,0.3,2.129 ± 0.013,135.85 ± 0.81
center,128,0.4,0.5,0.4,2.146 ± 0.02,150.0 ± 1.2
center,128,0.4,0.5,0.45,2.156 ± 0.031,171.6 ± 2.3
center,128,0.4,0.5,0.49,1.77 ± 0.13,331.0 ± 14.0
center,128,0.5,0.5,0.0,2.096 ± 0.011,113.2 ± 0.56
center,128,0.5,0.5,0.1,2.086 ± 0.0087,112.9 ± 0.48
center,128,0.5,0.5,0.2,2.095 ± 0.011,115.15 ± 0.69
center,128,0.5,0.5,0.3,2.114 ± 0.017,120.0 ± 0.77
center,128,0.5,0.5,0.4,2.132 ± 0.021,130.8 ± 1.2
center,128,0.5,0.5,0.45,2.134 ± 0.023,146.5 ± 3.2
center,128,0.5,0.5,0.49,1.789 ± 0.07,252.8 ± 8.3
center,128,0.6,0.5,0.0,2.0724 ± 0.0078,102.7 ± 0.53
center,128,0.6,0.5,0.1,2.0985 ± 0.0073,102.2 ± 0.47
center,128,0.6,0.5,0.2,2.092 ± 0.01,104.5 ± 0.44
center,128,0.6,0.5,0.3,2.106 ± 0.011,107.45 ± 0.6
center,128,0.6,0.5,0.4,2.121 ± 0.016,115.4 ± 1.1
center,128,0.6,0.5,0.45,2.157 ± 0.017,128.0 ± 2.3
center,128,0.6,0.5,0.49,1.665 ± 0.069,233.6 ± 8.7
center,128,0.7,0.5,0.0,2.0694 ± 0.007,95.0 ± 0.28
center,128,0.7,0.5,0.1,2.0923 ± 0.0088,95.35 ± 0.34
center,128,0.7,0.5,0.2,2.081 ± 0.0088,97.75 ± 0.51
center,128,0.7,0.5,0.3,2.088 ± 0.011,99.35 ± 0.62
center,128,0.7,0.5,0.4,2.117 ± 0.013,106.4 ± 0.87
center,128,0.7,0.5,0.45,2.134 ± 0.017,116.6 ± 1.4
center,128,0.7,0.5,0.49,1.818 ± 0.075,203.8 ± 6.3
center,128,0.8,0.5,0.0,2.0715 ± 0.0064,89.5 ± 0.35
center,128,0.8,0.5,0.1,2.0662 ± 0.0067,90.15 ± 0.35
center,128,0.8,0.5,0.2,2.0773 ± 0.0063,91.35 ± 0.39
center,128,0.8,0.5,0.3,2.0781 ± 0.0075,93.0 ± 0.39
center,128,0.8,0.5,0.4,2.101 ± 0.013,98.7 ± 1.0
center,128,0.8,0.5,0.45,2.092 ± 0.015,105.8 ± 1.2
center,128,0.8,0.5,0.49,1.797 ± 0.099,194.6 ± 8.9
center,128,0.9,0.5,0.0,2.0596 ± 0.0057,85.05 ± 0.34
center,128,0.9,0.5,0.1,2.0578 ± 0.0064,85.35 ± 0.3
center,128,0.9,0.5,0.2,2.0594 ± 0.006,86.65 ± 0.35
center,128,0.9,0.5,0.3,2.0853 ± 0.0087,88.9 ± 0.5
center,128,0.9,0.5,0.4,2.0897 ± 0.0095,93.4 ± 0.72
center,128,0.9,0.5,0.45,2.095 ± 0.011,101.2 ± 1.5
center,128,0.9,0.5,0.49,1.712 ± 0.06,182.4 ± 5.2
center,128,1.0,0.5,0.0,2.0545 ± 0.0059,81.75 ± 0.22
center,128,1.0,0.5,0.1,2.0515 ± 0.006,81.8 ± 0.29
center,128,1.0,0.5,0.2,2.0541 ± 0.0049,82.7 ± 0.28
center,128,1.0,0.5,0.3,2.066 ± 0.0052,84.55 ± 0.29
center,128,1.0,0.5,0.4,2.094 ± 0.012,88.85 ± 0.51
center,128,1.0,0.5,0.45,2.117 ± 0.016,97.8 ± 1.6
center,128,1.0,0.5,0.49,1.968 ± 0.051,149.0 ± 5.3
random,32,0.1,0.5,0.0,1.644 ± 0.046,114.3 ± 4.1
random,32,0.1,0.5,0.1,1.583 ± 0.044,114.6 ± 3.2
random,32,0.1,0.5,0.2,1.65 ± 0.048,108.8 ± 3.0
random,32,0.1,0.5,0.3,1.536 ± 0.058,127.4 ± 4.3
random,32,0.1,0.5,0.4,1.628 ± 0.079,135.0 ± 4.8
random,32,0.1,0.5,0.45,1.288 ± 0.075,217.0 ± 12.0
random,32,0.1,0.5,0.49,1.04 ± 0.13,476.0 ± 34.0
random,32,0.2,0.5,0.0,1.597 ± 0.061,60.9 ± 2.3
random,32,0.2,0.5,0.1,1.568 ± 0.055,62.2 ± 2.6
random,32,0.2,0.5,0.2,1.687 ± 0.055,62.0 ± 2.5
random,32,0.2,0.5,0.3,1.511 ± 0.045,73.4 ± 2.3
random,32,0.2,0.5,0.4,1.634 ± 0.07,82.5 ± 3.1
random,32,0.2,0.5,0.45,1.388 ± 0.048,106.8 ± 5.5
random,32,0.2,0.5,0.49,0.807 ± 0.065,299.0 ± 21.0
random,32,0.3,0.5,0.0,1.707 ± 0.059,43.6 ± 1.3
random,32,0.3,0.5,0.1,1.671 ± 0.062,44.0 ± 1.5
random,32,0.3,0.5,0.2,1.598 ± 0.041,48.0 ± 1.1
random,32,0.3,0.5,0.3,1.639 ± 0.057,49.6 ± 1.7
random,32,0.3,0.5,0.4,1.641 ± 0.064,59.4 ± 2.2
random,32,0.3,0.5,0.45,1.529 ± 0.062,72.9 ± 3.6
random,32,0.3,0.5,0.49,1.05 ± 0.23,225.0 ± 17.0
random,32,0.4,0.5,0.0,1.708 ± 0.05,36.0 ± 1.3
random,32,0.4,0.5,0.1,1.688 ± 0.057,35.2 ± 0.93
random,32,0.4,0.5,0.2,1.669 ± 0.066,38.7 ± 1.4
random,32,0.4,0.5,0.3,1.614 ± 0.059,41.8 ± 1.2
random,32,0.4,0.5,0.4,1.698 ± 0.071,47.4 ± 1.8
random,32,0.4,0.5,0.45,1.441 ± 0.078,57.6 ± 2.4
random,32,0.4,0.5,0.49,0.862 ± 0.076,164.0 ± 14.0
random,32,0.5,0.5,0.0,1.682 ± 0.048,31.2 ± 1.1
random,32,0.5,0.5,0.1,1.741 ± 0.066,31.6 ± 1.3
random,32,0.5,0.5,0.2,1.727 ± 0.046,31.95 ± 0.81
random,32,0.5,0.5,0.3,1.74 ± 0.066,33.5 ± 1.1
random,32,0.5,0.5,0.4,1.657 ± 0.069,40.2 ± 1.4
random,32,0.5,0.5,0.45,1.503 ± 0.081,50.4 ± 2.9
random,32,0.5,0.5,0.49,0.791 ± 0.099,144.0 ± 15.0
random,32,0.6,0.5,0.0,1.624 ± 0.047,30.3 ± 0.9
random,32,0.6,0.5,0.1,1.665 ± 0.056,28.8 ± 1.0
random,32,0.6,0.5,0.2,1.688 ± 0.074,29.9 ± 1.1
random,32,0.6,0.5,0.3,1.683 ± 0.06,31.0 ± 1.0
random,32,0.6,0.5,0.4,1.653 ± 0.079,37.8 ± 1.4
random,32,0.6,0.5,0.45,1.693 ± 0.096,42.8 ± 1.6
random,32,0.6,0.5,0.49,0.824 ± 0.085,118.0 ± 11.0
random,32,0.7,0.5,0.0,1.674 ± 0.055,26.4 ± 0.91
random,32,0.7,0.5,0.1,1.621 ± 0.052,27.2 ± 1.0
random,32,0.7,0.5,0.2,1.668 ± 0.049,28.15 ± 1.0
random,32,0.7,0.5,0.3,1.744 ± 0.063,29.2 ± 1.0
random,32,0.7,0.5,0.4,1.659 ± 0.073,32.4 ± 1.4
random,32,0.7,0.5,0.45,1.614 ± 0.058,38.3 ± 2.0
random,32,0.7,0.5,0.49,0.851 ± 0.095,108.8 ± 9.8
random,32,0.8,0.5,0.0,1.681 ± 0.063,25.1 ± 0.9
random,32,0.8,0.5,0.1,1.661 ± 0.045,24.3 ± 0.8
random,32,0.8,0.5,0.2,1.624 ± 0.054,26.2 ± 0.91
random,32,0.8,0.5,0.3,1.734 ± 0.059,24.7 ± 0.64
random,32,0.8,0.5,0.4,1.591 ± 0.056,31.8 ± 1.1
random,32,0.8,0.5,0.45,1.625 ± 0.067,35.2 ± 2.3
random,32,0.8,0.5,0.49,0.809 ± 0.056,93.2 ± 7.3
random,32,0.9,0.5,0.0,1.52 ± 0.051,24.3 ± 0.73
random,32,0.9,0.5,0.1,1.639 ± 0.067,24.6 ± 1.1
random,32,0.9,0.5,0.2,1.675 ± 0.058,24.4 ± 0.78
random,32,0.9,0.5,0.3,1.656 ± 0.059,25.05 ± 0.87
random,32,0.9,0.5,0.4,1.779 ± 0.07,27.2 ± 0.77
random,32,0.9,0.5,0.45,1.683 ± 0.088,33.2 ± 1.6
random,32,0.9,0.5,0.49,1.13 ± 0.19,92.4 ± 9.1
random,32,1.0,0.5,0.0,1.641 ± 0.048,22.5 ± 0.91
random,32,1.0,0.5,0.1,1.626 ± 0.057,23.35 ± 0.75
random,32,1.0,0.5,0.2,1.63 ± 0.066,23.4 ± 0.86
random,32,1.0,0.5,0.3,1.655 ± 0.058,24.5 ± 0.79
random,32,1.0,0.5,0.4,1.77 ± 0.056,24.55 ± 0.92
random,32,1.0,0.5,0.45,1.665 ± 0.073,29.0 ± 1.1
random,32,1.0,0.5,0.49,0.936 ± 0.07,71.6 ± 6.6
random,48,0.1,0.5,0.0,1.613 ± 0.055,157.6 ± 6.2
random,48,0.1,0.5,0.1,1.59 ± 0.04,158.1 ± 5.0
random,48,0.1,0.5,0.2,1.652 ± 0.055,154.8 ± 5.2
random,48,0.1,0.5,0.3,1.736 ± 0.063,163.9 ± 5.6
random,48,0.1,0.5,0.4,1.632 ± 0.063,195.6 ± 6.4
random,48,0.1,0.5,0.45,1.312 ± 0.041,283.0 ± 14.0
random,48,0.1,0.5,0.49,0.832 ± 0.06,735.0 ± 42.0
random,48,0.2,0.5,0.0,1.629 ± 0.055,85.4 ± 2.7
random,48,0.2,0.5,0.1,1.705 ± 0.048,80.8 ± 2.1
random,48,0.2,0.5,0.2,1.722 ± 0.068,87.0 ± 3.3
random,48,0.2,0.5,0.3,1.682 ± 0.051,89.8 ± 3.0
random,48,0.2,0.5,0.4,1.558 ± 0.036,111.0 ± 3.0
random,48,0.2,0.5,0.45,1.611 ± 0.083,135.2 ± 4.7
random,48,0.2,0.5,0.49,0.904 ± 0.077,397.0 ± 31.0
random,48,0.3,0.5,0.0,1.66 ± 0.059,63.8 ± 2.8
random,48,0.3,0.5,0.1,1.566 ± 0.06,66.7 ± 2.3
random,48,0.3,0.5,0.2,1.633 ± 0.048,64.0 ± 2.0
random,48,0.3,0.5,0.3,1.619 ± 0.059,73.0 ± 2.0
random,48,0.3,0.5,0.4,1.614 ± 0.064,80.6 ± 2.8
random,48,0.3,0.5,0.45,1.591 ± 0.063,100.6 ± 3.5
random,48,0.3,0.5,0.49,0.892 ± 0.089,290.0 ± 26.0
random,48,0.4,0.5,0.0,1.603 ± 0.045,52.4 ± 1.5
random,48,0.4,0.5,0.1,1.626 ± 0.052,54.4 ± 1.5
random,48,0.4,0.5,0.2,1.701 ± 0.043,51.7 ± 1.5
random,48,0.4,0.5,0.3,1.635 ± 0.06,57.2 ± 1.9
random,48,0.4,0.5,0.4,1.637 ± 0.056,64.4 ± 1.9
random,48,0.4,0.5,0.45,1.596 ± 0.055,79.0 ± 2.6
random,48,0.4,0.5,0.49,0.99 ± 0.12,202.0 ± 17.0
random,48,0.5,0.5,0.0,1.605 ± 0.05,47.0 ± 1.5
random,48,0.5,0.5,0.1,1.701 ± 0.049,45.0 ± 1.6
random,48,0.5,0.5,0.2,1.635 ± 0.059,46.4 ± 2.0
random,48,0.5,0.5,0.3,1.657 ± 0.067,49.0 ± 1.6
random,48,0.5,0.5,0.4,1.677 ± 0.052,52.8 ± 1.5
random,48,0.5,0.5,0.45,1.623 ± 0.073,62.0 ± 1.4
random,48,0.5,0.5,0.49,0.956 ± 0.072,161.0 ± 13.0
random,48,0.6,0.5,0.0,1.579 ± 0.05,42.8 ± 1.3
random,48,0.6,0.5,0.1,1.573 ± 0.046,44.0 ± 1.5
random,48,0.6,0.5,0.2,1.599 ± 0.034,44.2 ± 1.2
random,48,0.6,0.5,0.3,1.574 ± 0.032,44.8 ± 1.4
random,48,0.6,0.5,0.4,1.569 ± 0.055,51.0 ± 1.4
random,48,0.6,0.5,0.45,1.511 ± 0.065,64.8 ± 3.7
random,48,0.6,0.5,0.49,0.922 ± 0.063,139.0 ± 12.0
random,48,0.7,0.5,0.0,1.64 ± 0.051,37.3 ± 1.4
random,48,0.7,0.5,0.1,1.555 ± 0.049,39.4 ± 1.3
random,48,0.7,0.5,0.2,1.584 ± 0.041,40.4 ± 1.2
random,48,0.7,0.5,0.3,1.659 ± 0.062,38.8 ± 1.5
random,48,0.7,0.5,0.4,1.676 ± 0.066,44.6 ± 1.4
random,48,0.7,0.5,0.45,1.711 ± 0.063,48.0 ± 1.4
random,48,0.7,0.5,0.49,1.105 ± 0.073,118.0 ± 8.0
random,48,0.8,0.5,0.0,1.593 ± 0.042,36.4 ± 0.97
random,48,0.8,0.5,0.1,1.639 ± 0.046,35.5 ± 1.2
random,48,0.8,0.5,0.2,1.657 ± 0.051,37.2 ± 1.5
random,48,0.8,0.5,0.3,1.621 ± 0.043,36.9 ± 1.1
random,48,0.8,0.5,0.4,1.645 ± 0.069,42.0 ± 1.9
random,48,0.8,0.5,0.45,1.675 ± 0.06,46.2 ± 1.5
random,48,0.8,0.5,0.49,1.141 ± 0.098,102.1 ± 6.0
random,48,0.9,0.5,0.0,1.554 ± 0.049,35.9 ± 1.2
random,48,0.9,0.5,0.1,1.576 ± 0.044,36.0 ± 1.3
random,48,0.9,0.5,0.2,1.617 ± 0.057,34.2 ± 1.3
random,48,0.9,0.5,0.3,1.642 ± 0.059,36.6 ± 1.2
random,48,0.9,0.5,0.4,1.672 ± 0.065,38.2 ± 1.2
random,48,0.9,0.5,0.45,1.684 ± 0.067,45.6 ± 2.2
random,48,0.9,0.5,0.49,1.118 ± 0.074,94.4 ± 4.3
random,48,1.0,0.5,0.0,1.594 ± 0.04,32.6 ± 1.0
random,48,1.0,0.5,0.1,1.664 ± 0.047,32.1 ± 1.2
random,48,1.0,0.5,0.2,1.613 ± 0.034,34.2 ± 1.1
random,48,1.0,0.5,0.3,1.642 ± 0.056,33.6 ± 1.3
random,48,1.0,0.5,0.4,1.665 ± 0.056,37.0 ± 1.3
random,48,1.0,0.5,0.45,1.75 ± 0.08,42.4 ± 1.5
random,48,1.0,0.5,0.49,1.13 ± 0.1,89.4 ± 6.0
random,64,0.1,0.5,0.0,1.657 ± 0.039,186.8 ± 5.0
random,64,0.1,0.5,0.1,1.608 ± 0.04,198.9 ± 6.4
random,64,0.1,0.5,0.2,1.557 ± 0.057,214.3 ± 8.0
random,64,0.1,0.5,0.3,1.611 ± 0.059,217.5 ± 7.3
random,64,0.1,0.5,0.4,1.666 ± 0.057,258.6 ± 9.1
random,64,0.1,0.5,0.45,1.579 ± 0.081,329.0 ± 11.0
random,64,0.1,0.5,0.49,0.882 ± 0.056,904.0 ± 49.0
random,64,0.2,0.5,0.0,1.592 ± 0.05,110.8 ± 4.4
random,64,0.2,0.5,0.1,1.571 ± 0.055,115.6 ± 3.9
random,64,0.2,0.5,0.2,1.642 ± 0.049,112.6 ± 3.8
random,64,0.2,0.5,0.3,1.742 ± 0.065,115.0 ± 5.0
random,64,0.2,0.5,0.4,1.75 ± 0.064,136.8 ± 4.6
random,64,0.2,0.5,0.45,1.757 ± 0.058,160.8 ± 5.5
random,64,0.2,0.5,0.49,0.92 ± 0.068,460.0 ± 37.0
random,64,0.3,0.5,0.0,1.683 ± 0.054,78.4 ± 2.4
random,64,0.3,0.5,0.1,1.667 ± 0.052,79.6 ± 2.6
random,64,0.3,0.5,0.2,1.664 ± 0.04,82.1 ± 1.8
random,64,0.3,0.5,0.3,1.613 ± 0.054,92.0 ± 3.2
random,64,0.3,0.5,0.4,1.58 ± 0.045,102.0 ± 3.4
random,64,0.3,0.5,0.45,1.626 ± 0.068,118.6 ± 5.8
random,64,0.3,0.5,0.49,1.058 ± 0.081,261.0 ± 20.0
random,64,0.4,0.5,0.0,1.572 ± 0.043,71.2 ± 3.4
random,64,0.4,0.5,0.1,1.663 ± 0.048,66.2 ± 2.2
random,64,0.4,0.5,0.2,1.607 ± 0.052,68.4 ± 2.3
random,64,0.4,0.5,0.3,1.634 ± 0.056,74.8 ± 2.3
random,64,0.4,0.5,0.4,1.699 ± 0.045,80.0 ± 2.7
random,64,0.4,0.5,0.45,1.689 ± 0.063,101.2 ± 4.8
random,64,0.4,0.5,0.49,0.952 ± 0.075,242.0 ± 17.0
random,64,0.5,0.5,0.0,1.645 ± 0.045,58.8 ± 1.9
random,64,0.5,0.5,0.1,1.647 ± 0.062,58.8 ± 2.1
random,64,0.5,0.5,0.2,1.563 ± 0.062,63.6 ± 2.6
random,64,0.5,0.5,0.3,1.623 ± 0.057,62.8 ± 2.3
random,64,0.5,0.5,0.4,1.625 ± 0.067,72.7 ± 2.7
random,64,0.5,0.5,0.45,1.637 ± 0.068,88.4 ± 3.3
random,64,0.5,0.5,0.49,1.3 ± 0.13,173.0 ± 11.0
random,64,0.6,0.5,0.0,1.582 ± 0.048,54.4 ± 2.0
random,64,0.6,0.5,0.1,1.519 ± 0.051,57.2 ± 2.1
random,64,0.6,0.5,0.2,1.632 ± 0.058,54.6 ± 1.9
random,64,0.6,0.5,0.3,1.583 ± 0.063,58.5 ± 2.6
random,64,0.6,0.5,0.4,1.658 ± 0.046,59.2 ± 1.8
random,64,0.6,0.5,0.45,1.778 ± 0.074,68.4 ± 1.9
random,64,0.6,0.5,0.49,1.05 ± 0.058,163.0 ± 9.9
random,64,0.7,0.5,0.0,1.563 ± 0.053,50.0 ± 1.8
random,64,0.7,0.5,0.1,1.726 ± 0.049,47.4 ± 2.0
random,64,0.7,0.5,0.2,1.613 ± 0.048,51.4 ± 1.8
random,64,0.7,0.5,0.3,1.694 ± 0.053,52.5 ± 2.0
random,64,0.7,0.5,0.4,1.766 ± 0.051,54.8 ± 2.1
random,64,0.7,0.5,0.45,1.54 ± 0.064,67.2 ± 2.0
random,64,0.7,0.5,0.49,1.171 ± 0.091,146.0 ± 12.0
random,64,0.8,0.5,0.0,1.65 ± 0.048,45.0 ± 1.5
random,64,0.8,0.5,0.1,1.587 ± 0.04,47.4 ± 1.2
random,64,0.8,0.5,0.2,1.614 ± 0.032,49.0 ± 1.5
random,64,0.8,0.5,0.3,1.626 ± 0.052,49.4 ± 2.2
random,64,0.8,0.5,0.4,1.715 ± 0.043,51.8 ± 1.3
random,64,0.8,0.5,0.45,1.577 ± 0.062,60.0 ± 2.3
random,64,0.8,0.5,0.49,1.36 ± 0.15,116.8 ± 7.0
random,64,0.9,0.5,0.0,1.575 ± 0.047,44.1 ± 1.4
random,64,0.9,0.5,0.1,1.544 ± 0.055,45.8 ± 1.6
random,64,0.9,0.5,0.2,1.597 ± 0.054,47.1 ± 1.8
random,64,0.9,0.5,0.3,1.594 ± 0.045,45.8 ± 1.5
random,64,0.9,0.5,0.4,1.611 ± 0.08,51.7 ± 1.7
random,64,0.9,0.5,0.45,1.674 ± 0.058,57.2 ± 2.2
random,64,0.9,0.5,0.49,1.247 ± 0.093,104.6 ± 6.1
random,64,1.0,0.5,0.0,1.52 ± 0.043,44.9 ± 1.7
random,64,1.0,0.5,0.1,1.499 ± 0.06,45.2 ± 1.7
random,64,1.0,0.5,0.2,1.479 ± 0.043,47.6 ± 1.7
random,64,1.0,0.5,0.3,1.623 ± 0.055,44.4 ± 1.5
random,64,1.0,0.5,0.4,1.615 ± 0.053,48.4 ± 1.6
random,64,1.0,0.5,0.45,1.61 ± 0.064,50.9 ± 1.8
random,64,1.0,0.5,0.49,1.213 ± 0.07,95.0 ± 5.0
random,96,0.1,0.5,0.0,1.635 ± 0.055,269.9 ± 8.8
random,96,0.1,0.5,0.1,1.609 ± 0.047,272.0 ± 9.1
random,96,0.1,0.5,0.2,1.496 ± 0.046,310.3 ± 9.5
random,96,0.1,0.5,0.3,1.547 ± 0.036,327.0 ± 10.0
random,96,0.1,0.5,0.4,1.737 ± 0.061,346.0 ± 11.0
random,96,0.1,0.5,0.45,1.671 ± 0.078,444.0 ± 17.0
random,96,0.1,0.5,0.49,1.025 ± 0.068,1060.0 ± 70.0
random,96,0.2,0.5,0.0,1.641 ± 0.05,153.2 ± 6.0
random,96,0.2,0.5,0.1,1.596 ± 0.046,162.8 ± 5.4
random,96,0.2,0.5,0.2,1.593 ± 0.053,165.1 ± 4.7
random,96,0.2,0.5,0.3,1.7 ± 0.048,165.2 ± 5.2
random,96,0.2,0.5,0.4,1.504 ± 0.027,197.6 ± 5.6
random,96,0.2,0.5,0.45,1.572 ± 0.068,242.6 ± 8.7
random,96,0.2,0.5,0.49,1.019 ± 0.058,530.0 ± 27.0
random,96,0.3,0.5,0.0,1.516 ± 0.048,121.4 ± 4.1
random,96,0.3,0.5,0.1,1.528 ± 0.044,121.2 ± 3.5
random,96,0.3,0.5,0.2,1.564 ± 0.044,126.4 ± 3.7
random,96,0.3,0.5,0.3,1.595 ± 0.048,129.4 ± 4.4
random,96,0.3,0.5,0.4,1.605 ± 0.045,143.2 ± 3.4
random,96,0.3,0.5,0.45,1.638 ± 0.054,164.6 ± 4.6
random,96,0.3,0.5,0.49,0.984 ± 0.049,346.0 ± 17.0
random,96,0.4,0.5,0.0,1.633 ± 0.061,97.0 ± 4.1
random,96,0.4,0.5,0.1,1.601 ± 0.059,102.0 ± 4.3
random,96,0.4,0.5,0.2,1.601 ± 0.042,103.8 ± 3.5
random,96,0.4,0.5,0.3,1.604 ± 0.051,105.8 ± 3.0
random,96,0.4,0.5,0.4,1.627 ± 0.052,117.6 ± 3.9
random,96,0.4,0.5,0.45,1.596 ± 0.063,129.4 ± 4.4
random,96,0.4,0.5,0.49,1.086 ± 0.06,275.0 ± 14.0
random,96,0.5,0.5,0.0,1.574 ± 0.047,85.1 ± 2.5
random,96,0.5,0.5,0.1,1.539 ± 0.059,88.4 ± 3.5
random,96,0.5,0.5,0.2,1.615 ± 0.049,85.8 ± 2.1
random,96,0.5,0.5,0.3,1.603 ± 0.053,92.3 ± 3.0
random,96,0.5,0.5,0.4,1.589 ± 0.053,100.4 ± 3.7
random,96,0.5,0.5,0.45,1.622 ± 0.052,113.3 ± 3.2
random,96,0.5,0.5,0.49,1.139 ± 0.065,227.0 ± 11.0
random,96,0.6,0.5,0.0,1.53 ± 0.063,82.6 ± 3.9
random,96,0.6,0.5,0.1,1.569 ± 0.043,77.8 ± 2.3
random,96,0.6,0.5,0.2,1.497 ± 0.055,84.8 ± 3.4
random,96,0.6,0.5,0.3,1.509 ± 0.049,86.8 ± 2.8
random,96,0.6,0.5,0.4,1.613 ± 0.057,89.3 ± 3.6
random,96,0.6,0.5,0.45,1.694 ± 0.052,98.6 ± 2.9
random,96,0.6,0.5,0.49,1.265 ± 0.095,189.0 ± 10.0
random,96,0.7,0.5,0.0,1.502 ± 0.044,74.7 ± 2.3
random,96,0.7,0.5,0.1,1.547 ± 0.059,74.8 ± 2.9
random,96,0.7,0.5,0.2,1.608 ± 0.043,70.9 ± 2.3
random,96,0.7,0.5,0.3,1.535 ± 0.046,78.0 ± 2.8
random,96,0.7,0.5,0.4,1.614 ± 0.063,82.4 ± 3.5
random,96,0.7,0.5,0.45,1.693 ± 0.056,88.6 ± 3.1
random,96,0.7,0.5,0.49,1.184 ± 0.06,184.5 ± 8.1
random,96,0.8,0.5,0.0,1.49 ± 0.038,73.1 ± 2.2
random,96,0.8,0.5,0.1,1.591 ± 0.045,70.6 ± 2.9
random,96,0.8,0.5,0.2,1.578 ± 0.045,68.8 ± 2.7
random,96,0.8,0.5,0.3,1.526 ± 0.043,75.7 ± 2.5
random,96,0.8,0.5,0.4,1.604 ± 0.052,76.5 ± 2.8
random,96,0.8,0.5,0.45,1.722 ± 0.058,79.0 ± 2.2
random,96,0.8,0.5,0.49,1.266 ± 0.073,150.2 ± 6.8
random,96,0.9,0.5,0.0,1.511 ± 0.039,66.4 ± 2.5
random,96,0.9,0.5,0.1,1.517 ± 0.045,68.9 ± 2.5
random,96,0.9,0.5,0.2,1.531 ± 0.05,67.2 ± 1.8
random,96,0.9,0.5,0.3,1.486 ± 0.049,72.8 ± 2.3
random,96,0.9,0.5,0.4,1.616 ± 0.054,75.4 ± 2.9
random,96,0.9,0.5,0.45,1.57 ± 0.041,76.4 ± 1.8
random,96,0.9,0.5,0.49,1.14 ± 0.071,143.7 ± 8.1
random,96,1.0,0.5,0.0,1.486 ± 0.046,67.2 ± 2.3
random,96,1.0,0.5,0.1,1.471 ± 0.043,67.6 ± 2.2
random,96,1.0,0.5,0.2,1.544 ± 0.044,63.7 ± 2.2
random,96,1.0,0.5,0.3,1.507 ± 0.044,67.2 ± 2.2
random,96,1.0,0.5,0.4,1.548 ± 0.047,71.0 ± 2.1
random,96,1.0,0.5,0.45,1.645 ± 0.036,72.8 ± 2.1
random,96,1.0,0.5,0.49,1.426 ± 0.08,120.0 ± 4.4
random,128,0.1,0.5,0.0,1.595 ± 0.038,348.0 ± 11.0
random,128,0.1,0.5,0.1,1.538 ± 0.056,382.0 ± 13.0
random,128,0.1,0.5,0.2,1.585 ± 0.055,391.0 ± 14.0
random,128,0.1,0.5,0.3,1.617 ± 0.054,407.0 ± 12.0
random,128,0.1,0.5,0.4,1.673 ± 0.061,459.0 ± 22.0
random,128,0.1,0.5,0.45,1.597 ± 0.036,537.0 ± 14.0
random,128,0.1,0.5,0.49,1.227 ± 0.086,1139.0 ± 52.0
random,128,0.2,0.5,0.0,1.545 ± 0.046,211.1 ± 6.2
random,128,0.2,0.5,0.1,1.544 ± 0.047,212.4 ± 7.4
random,128,0.2,0.5,0.2,1.589 ± 0.048,212.8 ± 8.1
random,128,0.2,0.5,0.3,1.692 ± 0.06,216.0 ± 10.0
random,128,0.2,0.5,0.4,1.666 ± 0.07,253.5 ± 9.8
random,128,0.2,0.5,0.45,1.64 ± 0.06,307.0 ± 10.0
random,128,0.2,0.5,0.49,1.103 ± 0.049,582.0 ± 29.0
random,128,0.3,0.5,0.0,1.682 ± 0.042,143.2 ± 3.4
random,128,0.3,0.5,0.1,1.525 ± 0.043,160.0 ± 6.3
random,128,0.3,0.5,0.2,1.593 ± 0.045,154.0 ± 4.3
random,128,0.3,0.5,0.3,1.521 ± 0.05,175.2 ± 5.7
random,128,0.3,0.5,0.4,1.734 ± 0.045,176.2 ± 5.8
random,128,0.3,0.5,0.45,1.604 ± 0.062,212.5 ± 5.9
random,128,0.3,0.5,0.49,1.225 ± 0.062,412.0 ± 21.0
random,128,0.4,0.5,0.0,1.622 ± 0.042,125.5 ± 4.6
random,128,0.4,0.5,0.1,1.594 ± 0.039,125.2 ± 3.5
random,128,0.4,0.5,0.2,1.5 ± 0.052,139.4 ± 5.4
random,128,0.4,0.5,0.3,1.595 ± 0.058,140.0 ± 5.6
random,128,0.4,0.5,0.4,1.591 ± 0.053,157.0 ± 6.1
random,128,0.4,0.5,0.45,1.7 ± 0.053,165.4 ± 4.8
random,128,0.4,0.5,0.49,1.253 ± 0.064,324.0 ± 12.0
random,128,0.5,0.5,0.0,1.454 ± 0.047,119.9 ± 3.9
random,128,0.5,0.5,0.1,1.482 ± 0.057,120.4 ± 4.2
random,128,0.5,0.5,0.2,1.583 ± 0.04,114.2 ± 3.7
random,128,0.5,0.5,0.3,1.573 ± 0.047,119.4 ± 4.4
random,128,0.5,0.5,0.4,1.641 ± 0.054,129.2 ± 4.9
random,128,0.5,0.5,0.45,1.672 ± 0.047,142.5 ± 4.4
random,128,0.5,0.5,0.49,1.48 ± 0.1,245.0 ± 14.0
random,128,0.6,0.5,0.0,1.599 ± 0.049,100.1 ± 4.5
random,128,0.6,0.5,0.1,1.532 ± 0.05,105.0 ± 4.0
random,128,0.6,0.5,0.2,1.552 ± 0.053,108.2 ± 3.9
random,128,0.6,0.5,0.3,1.544 ± 0.054,109.8 ± 4.5
random,128,0.6,0.5,0.4,1.699 ± 0.049,111.0 ± 3.7
random,128,0.6,0.5,0.45,1.593 ± 0.06,125.8 ± 3.9
random,128,0.6,0.5,0.49,1.402 ± 0.063,215.6 ± 8.0
random,128,0.7,0.5,0.0,1.538 ± 0.036,97.0 ± 3.2
random,128,0.7,0.5,0.1,1.543 ± 0.039,96.4 ± 2.9
random,128,0.7,0.5,0.2,1.6 ± 0.052,95.2 ± 3.6
random,128,0.7,0.5,0.3,1.572 ± 0.052,102.0 ± 3.8
random,128,0.7,0.5,0.4,1.528 ± 0.048,108.9 ± 3.6
random,128,0.7,0.5,0.45,1.577 ± 0.051,121.0 ± 5.3
random,128,0.7,0.5,0.49,1.35 ± 0.1,191.6 ± 6.4
random,128,0.8,0.5,0.0,1.572 ± 0.045,90.9 ± 2.6
random,128,0.8,0.5,0.1,1.555 ± 0.052,88.4 ± 3.4
random,128,0.8,0.5,0.2,1.459 ± 0.044,96.6 ± 3.7
random,128,0.8,0.5,0.3,1.535 ± 0.046,94.2 ± 3.6
random,128,0.8,0.5,0.4,1.555 ± 0.06,102.0 ± 4.0
random,128,0.8,0.5,0.45,1.68 ± 0.067,103.1 ± 4.4
random,128,0.8,0.5,0.49,1.466 ± 0.084,172.6 ± 7.9
random,128,0.9,0.5,0.0,1.52 ± 0.04,87.1 ± 2.9
random,128,0.9,0.5,0.1,1.537 ± 0.04,86.8 ± 3.3
random,128,0.9,0.5,0.2,1.591 ± 0.044,86.3 ± 3.1
random,128,0.9,0.5,0.3,1.506 ± 0.053,93.8 ± 3.9
random,128,0.9,0.5,0.4,1.501 ± 0.043,98.4 ± 3.3
random,128,0.9,0.5,0.45,1.61 ± 0.039,101.8 ± 2.4
random,128,0.9,0.5,0.49,1.282 ± 0.065,179.8 ± 6.3
random,128,1.0,0.5,0.0,1.545 ± 0.05,82.8 ± 3.4
random,128,1.0,0.5,0.1,1.58 ± 0.041,81.0 ± 2.9
random,128,1.0,0.5,0.2,1.525 ± 0.048,87.4 ± 3.2
random,128,1.0,0.5,0.3,1.501 ± 0.038,88.4 ± 2.8
random,128,1.0,0.5,0.4,1.526 ± 0.058,93.4 ± 3.8
random,128,1.0,0.5,0.45,1.544 ± 0.047,99.0 ± 3.1
random,128,1.0,0.5,0.49,1.357 ± 0.077,162.3 ± 7.3
